mass,ts,x,y,h,latitude,longitude,altitude,mach,tas,vertical_rate,heading,fuelflow,fid
77999.99991310199,0.0,-76546.0921592864,57733.15830413502,30.480000035320643,52.32859814100074,4.708835478896572,100.0,0.3,198.3755,1938.0,125.5353,1.9019692802180217,AUA3SV_1122
77915.67837065339,44.2468,-72897.624564953,55127.3362635569,466.10871898955105,52.305662629488545,4.7630851919269155,1529.0,0.422458,277.9744,2469.0,126.6205,1.8403857177412573,AUA3SV_1122
77834.3221158387,88.4936,-67854.81296187274,51379.41759226813,1021.0835872282689,52.27260607673804,4.838004666289511,3350.0,0.552997,361.559,3000.0,126.6086,1.8892677945007676,AUA3SV_1122
77751.1157472936,132.7403,-61296.307321575136,46507.11459159998,1695.404564286801,52.22956204572345,4.93527481421718,5562.0,0.581994,377.5433,3000.0,126.5877,1.8731844732471439,AUA3SV_1122
77668.66229764519,176.9871,-54444.5213345654,41420.804823946484,2369.7255413692205,52.18454278052127,5.0366925859025935,7775.0,0.604875,389.2714,3000.0,126.5652,1.8559159294176337,AUA3SV_1122
77586.99427415131,221.2339,-47376.98779124041,36178.65156040822,3044.0465182272847,52.138053839905616,5.141088046887583,9987.0,0.628896,401.4647,3000.0,126.545,1.8381493215037237,AUA3SV_1122
77506.13398954761,265.4807,-40085.396201446725,30774.280391870718,3718.3674948216,52.090030412993165,5.2485642690325625,12199.0,0.654115,414.1396,3000.0,126.5173,1.8198826399874959,AUA3SV_1122
77426.10333110693,309.7275,-32560.176327905694,25202.392960615914,4392.68847110115,52.04041678948094,5.359241015436095,14412.0,0.680595,427.3128,3000.0,126.4834,1.8011118098617815,AUA3SV_1122
77346.92376798611,353.9743,-24791.5355401128,19457.377940817358,5067.009446998186,51.98915370815941,5.473239640270891,16624.0,0.708401,441.0001,3000.0,126.4569,1.7818619653247243,AUA3SV_1122
77268.61635574445,398.221,-16770.720470585533,13531.617266330604,5741.330422420009,51.93616303904396,5.59066463924014,18836.0,0.7376,455.2171,3000.0,126.4434,1.7621284197139053,AUA3SV_1122
77191.20173396397,442.4678,-8489.36173325645,7416.388000197286,6415.651397234997,51.881355948552255,5.711612944109607,21049.0,0.768261,469.9788,3000.0,126.4275,1.7419047639506142,AUA3SV_1122
77114.69615636724,486.7146,62.746096740364166,1104.8977356185246,7089.972371258104,51.8246601933972,5.8362060411083805,23261.0,0.800454,485.2989,3000.0,126.3961,1.7212179490994008,AUA3SV_1122
77038.95407650607,530.9614,8897.568655078043,-5407.776162632011,7764.293344476664,51.76601922053379,5.964588607677675,25473.0,0.82,492.6278,2689.0,126.3789,1.6429640604982103,AUA3SV_1122
76966.10549263244,575.2082,17875.088678447715,-12021.461344038189,8368.809806168874,51.70632582023064,6.094703342974939,27457.0,0.819999,488.5379,2158.0,126.3864,1.5124129088075584,AUA3SV_1122
76898.71495321962,619.455,26788.543365669546,-18589.77260918156,8853.980121544048,51.64690022316958,6.223549761087774,29048.0,0.813763,481.5415,1628.0,126.385,1.3706376452112867,AUA3SV_1122
76837.54574015201,663.7017,35585.04920779195,-25071.551060445257,9219.804287471672,51.588119639492604,6.350374580900305,30249.0,0.807138,475.1523,1097.0,126.3748,1.219223266606914,AUA3SV_1122
76783.06685085742,707.9485,44275.75081747667,-31473.001572735207,9466.282303452945,51.52993348216589,6.47535202702297,31057.0,0.799723,469.1314,566.0,126.3703,1.0587129520480456,AUA3SV_1122
76735.73752340929,752.1953,52865.72312260602,-37799.19929304178,9593.41417022072,51.472301098597,6.598567212452799,31474.0,0.790822,463.0633,35.0,126.3838,0.8891538156778372,AUA3SV_1122
76696.00120998513,796.4421,61350.97590252735,-44051.367028775625,9601.199891341756,51.41521706100786,6.719974164165588,31500.0,0.790173,462.6318,0.0,126.3703,0.8772523658176239,AUA3SV_1122
76656.79289923591,840.6889,69830.27439009801,-50296.05692760126,9601.199899337373,51.35807591203447,6.840993705166434,31500.0,0.790141,462.6131,0.0,126.3455,0.8769441760964631,AUA3SV_1122
76617.5997486503,884.9357,78311.93434724284,-56536.820624726235,9601.199906859887,51.30084538922507,6.96174621483148,31500.0,0.790109,462.5944,0.0,126.3206,0.8766361757418556,AUA3SV_1122
77999.99990001367,0.0,-75197.38340749308,61695.742294751435,30.480000302717606,52.32129687236312,4.779955429552181,100.0,0.3,198.3755,2330.0,127.8879,1.9948183228551442,DLH4UX_557
77910.13492823853,44.9713,-71610.40777201985,58904.578326411036,562.7563312336422,52.29667739188916,4.833320958619861,1846.0,0.399468,262.5573,2870.0,128.8419,1.9469864280766342,DLH4UX_557
77822.5730514401,89.9426,-66924.4256567592,55131.30314575483,1218.3191651822062,52.26333721977565,4.902972953629449,3997.0,0.506457,330.3752,3000.0,128.8476,1.8904422023284508,DLH4UX_557
77737.8073737538,134.9138,-61019.296567422774,50375.37552026559,1903.6814845832023,52.22125605019716,4.990597293836725,6246.0,0.588943,381.1171,3000.0,128.8556,1.8680013399309379,DLH4UX_557
77654.25030076013,179.8851,-54201.60202977441,44882.90590174938,2589.0438039842034,52.172577091474096,5.091556683645879,8494.0,0.61256,393.1854,3000.0,128.8462,1.8502987439732586,DLH4UX_557
77571.51219488104,224.8564,-47166.28056291213,39217.01116937798,3274.4061233849375,52.12227120243137,5.19550695271629,10743.0,0.637373,405.7397,3000.0,128.8164,1.8320657744226099,DLH4UX_557
77489.61633763196,269.8277,-39902.530123959536,33373.374466732006,3959.768442785352,52.07029223532134,5.30258549209171,12991.0,0.663446,418.7974,3000.0,128.7826,1.8133274834491757,DLH4UX_557
77408.5855563089,314.799,-32400.76431905174,27345.542711668993,4645.130762185381,52.0165739779738,5.412910432810568,15240.0,0.690846,432.3758,3000.0,128.7458,1.7940707234554716,DLH4UX_557
77328.4422309443,359.7702,-24651.14592456867,21126.756826698223,5330.493081584928,51.96104672719344,5.526601706343052,17488.0,0.719641,446.4914,3000.0,128.7341,1.7743210330162116,DLH4UX_557
77249.20829663539,404.7415,-16646.660208685473,14706.135245915268,6015.8554009838645,51.90360282530921,5.643736292019088,19737.0,0.749902,461.1603,3000.0,128.7177,1.754062687669077,DLH4UX_557
77170.9052348184,449.7128,-8376.818728288605,8076.543574744537,6701.217720381989,51.84416770530711,5.764439362358631,21986.0,0.781703,476.3977,3000.0,128.7126,1.7333109996133447,DLH4UX_557
77093.52378267588,494.6841,167.28678520790785,1228.3289509779174,7386.580039777206,51.7826432523401,5.888810840819691,24234.0,0.811763,490.1917,3000.0,128.6806,1.7113951446650455,DLH4UX_557
77016.77266215674,539.6554,8962.921500275253,-5813.4110613049825,8071.94235917364,51.71924336450672,6.016489447049499,26483.0,0.82,490.5511,2698.0,128.7199,1.6317694734308905,DLH4UX_557
76943.14083431527,584.6266,17766.73112724943,-12871.615743915008,8688.374873791176,51.65555718165188,6.1439277768911325,28505.0,0.82,486.3633,2159.0,128.7305,1.499359317400493,DLH4UX_557
76875.12006427502,629.5979,26505.599896559557,-19880.40751941014,9181.520885395668,51.592180932297985,6.270071795274468,30123.0,0.814875,479.9684,1619.0,128.7794,1.355747430692682,DLH4UX_557
76813.43765905846,674.5692,35134.37258172468,-26813.02155839049,9551.380393983609,51.529361836848274,6.394280142785258,31337.0,0.808286,473.576,1079.0,128.7929,1.202237397953467,DLH4UX_557
76758.65111070064,719.5405,43656.55121835993,-33663.28334975269,9797.953399554823,51.46716082970897,6.51661738143869,32146.0,0.801052,467.6706,540.0,128.8011,1.0395897835830508,DLH4UX_557
76711.25180014392,764.5118,52080.51135034799,-40436.58608787966,9921.239902111662,51.40553404480218,6.63721671632503,32550.0,0.792608,461.9142,-0.0,128.811,0.8674308990226578,DLH4UX_557
76671.70947903665,809.483,60407.60971115854,-47134.367518512685,9921.239901673833,51.34447334346456,6.756109615903423,32550.0,0.792582,461.8989,-0.0,128.849,0.8671126519137239,DLH4UX_557
76632.1832625648,854.4543,68729.98310851833,-53837.45533888059,9921.23990123236,51.28324549258308,6.874616874707451,32550.0,0.792569,461.8917,-0.0,128.8541,0.8668022419237663,DLH4UX_557
76592.67241023183,899.4256,77051.63735772215,-60541.17245354613,9921.239900790575,51.22189279421206,6.992797850149093,32550.0,0.792557,461.8846,-0.0,128.8591,0.8664921555577407,DLH4UX_557
72807.63789036102,0.0,91622.4771575489,-41193.018573057256,30.480000303839674,52.33140182586671,4.740029810415496,100.0,0.3,198.3755,2450.0,295.9074,1.9640103644813256,EIN60R_1659
72717.39655062374,45.8678,87456.60079844987,-39169.50845156073,601.2545423415672,52.35028063667084,4.679263190458147,1973.0,0.418718,275.0883,3000.0,295.0255,1.8984785142037726,EIN60R_1659
72630.39649375134,91.7357,81632.39734836681,-36450.48712643377,1300.2802787424191,52.37563326973406,4.594193013510064,4266.0,0.548262,357.3056,3000.0,295.0249,1.8362521221779908,EIN60R_1659
72546.62962531904,137.6035,74050.08323864006,-32910.77693183089,1999.3060151467264,52.408546557473144,4.483297050242855,6559.0,0.592169,382.7724,3000.0,295.0254,1.8212632648907856,EIN60R_1659
72463.64083364897,183.4713,65924.33153317682,-29117.285693507205,2698.331751550973,52.443704216831456,4.364269455908133,8853.0,0.616435,395.1542,3000.0,295.014,1.8023523820855338,EIN60R_1659
72381.54453764478,229.3392,57533.98770600047,-25202.302403271668,3397.35748795508,52.4798628391611,4.241166545079672,11146.0,0.641956,408.0446,3000.0,295.005,1.7829580262717772,EIN60R_1659
72300.36312732809,275.207,48868.41780395872,-21160.55645331802,4096.3832243590205,52.517058313421565,4.113813086724528,13440.0,0.6688,421.4619,3000.0,294.9755,1.7630627394622518,EIN60R_1659
72220.11865704198,321.0748,39914.94600923408,-16990.148557380497,4795.408960762758,52.555295212253306,3.9820015549378893,15733.0,0.697038,435.4243,3000.0,294.9416,1.7426909784200577,EIN60R_1659
72140.83288016233,366.9426,30661.585589485894,-12686.717263984954,5494.434697166249,52.59459885561272,3.845533353799902,18026.0,0.726743,449.9493,3000.0,294.8906,1.721833265887666,EIN60R_1659
72062.52727681254,412.8105,21094.955655053745,-8247.945105248287,6193.46043356942,52.63497484931565,3.7041872929880477,20320.0,0.757992,465.0537,3000.0,294.8431,1.7004775423601117,EIN60R_1659
71985.22299165031,458.6783,11202.835846332644,-3668.1041214842053,6892.486169972174,52.676457875777125,3.55775779521054,22613.0,0.790863,480.7535,3000.0,294.7992,1.678648261679429,EIN60R_1659
71908.87688450546,504.5461,972.688001497079,1058.7157992148443,7591.51190637442,52.71908267897115,3.406032407028859,24907.0,0.82,493.7903,3000.0,294.7639,1.654711615648524,EIN60R_1659
71833.10518200822,550.414,-9537.965883832383,5907.27810189805,8290.537642776457,52.76260321942861,3.249838395001648,27200.0,0.82,489.0702,2859.0,294.7372,1.5991040787505824,EIN60R_1659
71759.6432036756,596.2818,-19953.226022647912,10705.95809239724,8956.609338375705,52.80547316912113,3.0947548517885477,29385.0,0.82,484.5298,2308.0,294.719,1.4649850625528866,EIN60R_1659
71691.9716739658,642.1496,-30287.68462674672,15463.421764048715,9494.429839611847,52.84777450490381,2.9405729963575986,31150.0,0.814674,477.709,1758.0,294.7017,1.321939477516397,EIN60R_1659
71630.74014979367,688.0175,-40491.521521511124,20157.03390407176,9903.999146483085,52.88931142371416,2.788046021377807,32493.0,0.808402,471.2365,1207.0,294.6854,1.1707831144880352,EIN60R_1659
71576.39978135514,733.8853,-50570.95854734837,24789.938113592696,10185.317258989151,52.93011844484318,2.637092563502544,33416.0,0.801414,465.2503,657.0,294.6634,1.012153431180142,EIN60R_1659
71529.3774059324,779.7531,-60535.56241114399,29365.436444562125,10338.384177130494,52.97023062182444,2.4875803922501567,33919.0,0.793205,459.4519,107.0,294.645,0.8458331360718541,EIN60R_1659
71490.08661211068,825.6209,-70387.62551555251,33885.4312600278,10363.19990090927,53.00967062704095,2.3394852347868698,34000.0,0.791417,458.2486,-0.0,294.6225,0.8120399136641973,EIN60R_1659
71452.36081854458,871.4888,-80217.48290597928,38390.55696228875,10363.199900455511,53.04879599144319,2.1914556980866644,34000.0,0.791397,458.237,-0.0,294.611,0.8117352397861125,EIN60R_1659
71414.6505177011,917.3566,-90047.99545952641,42893.595512673164,10363.19990000153,53.08771844207978,2.043148583305921,34000.0,0.791377,458.2254,-0.0,294.5995,0.811430791116212,EIN60R_1659
77999.99990000624,0.0,91897.63480156934,-43633.09465868814,30.48000030389514,52.32860183807386,4.708839891897566,100.0,0.3,198.3755,2440.0,297.1113,2.0154082616729534,EIN611_1579
77905.86091341983,46.6276,87706.84973155776,-41487.516615279106,608.5498311408418,52.34858438014567,4.647744381611297,1997.0,0.395829,260.0293,3000.0,295.9545,1.9736256847136504,EIN611_1579
77813.81166435975,93.2553,82157.58061653696,-38786.40682089793,1319.155058982285,52.37373729147349,4.566724653420625,4328.0,0.498298,324.6727,3000.0,295.9525,1.8917303533086254,EIN611_1579
77725.83873619592,139.8829,75213.01147988318,-35406.442701425985,2029.7602868409726,52.4051337023378,4.465203445770812,6659.0,0.593201,383.3015,3000.0,295.9439,1.864817298009301,EIN611_1579
77639.37388852565,186.5106,67004.7267767689,-31412.94379612901,2740.365514699673,52.44211738218785,4.345021735699336,8991.0,0.617933,395.9148,3000.0,295.9414,1.846342690163778,EIN611_1579
77553.79536959346,233.1382,58525.17672496697,-27287.92864030055,3450.970742558247,52.48019102666929,4.220656504713193,11322.0,0.643967,409.0548,3000.0,295.9387,1.8273181422241505,EIN611_1579
77469.12900626456,279.7658,49763.106987158215,-23025.980378916218,4161.575970416667,52.51939145955963,4.0919217053636245,13653.0,0.671373,422.7408,3000.0,295.945,1.8077422359599968,EIN611_1579
77385.40009536417,326.3935,40707.55524230532,-18620.04196418417,4872.181198274897,52.5597690084395,3.958633966073387,15985.0,0.700227,436.9917,3000.0,295.9559,1.78761114127761,EIN611_1579
77302.63341009236,373.0211,31346.87656847896,-14063.4412555981,5582.786426132892,52.60136930378651,3.8205976653901708,18316.0,0.730606,451.8261,3000.0,295.9744,1.7669512510990033,EIN611_1579
77220.85319900289,419.6488,21669.32254942309,-9348.734618452578,6293.391653990589,52.644243519721,3.6776134871869037,20648.0,0.76259,467.2613,3000.0,295.9942,1.7457469859295967,EIN611_1579
77140.08197266512,466.2764,11662.314200756033,-4469.2465924679345,7003.996881847884,52.68843445125451,3.5294673397055965,22979.0,0.796261,483.3141,3000.0,296.0135,1.7240261088551319,EIN611_1579
77060.21321305135,512.904,1312.7878646674908,581.5813088314835,7714.602109704725,52.7339822025822,3.375935415497554,25310.0,0.82,492.9624,2801.0,296.0292,1.665290393717714,EIN611_1579
76982.46789935546,559.5317,-9247.619941760231,5738.892261798863,8378.153567982741,52.78028512669493,3.2189445270418453,27487.0,0.82,488.4753,2242.0,296.0397,1.5297141074800937,EIN611_1579
76910.68778543103,606.1593,-19725.607224200026,10858.349332513068,8909.169629257449,52.82604301182884,3.0628490183164496,29230.0,0.814782,481.769,1682.0,296.0435,1.381647141768585,EIN611_1579
76845.66852409212,652.7869,-30073.08996092535,15914.880017493608,9307.650293527407,52.87103716659391,2.908375354426581,30537.0,0.807899,475.0051,1123.0,296.0488,1.223062622959442,EIN611_1579
76788.03049229269,699.4146,-40287.52138690797,20907.574158037733,9573.595560792393,52.91526643889009,2.755573903412355,31409.0,0.800221,468.7006,563.0,296.0561,1.0540922564583362,EIN611_1579
76738.31580372361,746.0422,-50377.30159710915,25840.927277060167,9707.005431052743,52.95877741102991,2.604330879700173,31847.0,0.791049,462.4383,4.0,296.0625,0.8754296842020035,EIN611_1579
76697.04338059113,792.6699,-60341.9333426638,30714.473308395216,9707.879904310112,53.001572373173495,2.4546651704256814,31850.0,0.790959,462.3803,-0.0,296.0729,0.8737847262091647,EIN611_1579
76655.84531308105,839.2975,-70304.49696821829,35589.24075520255,9707.879903847816,53.044190335838785,2.304733790062669,31850.0,0.790934,462.3653,-0.0,296.0849,0.8734620372268187,EIN611_1579
76614.66391705327,885.9251,-80265.7168300476,40465.93365572216,9707.879903385316,53.086636971711954,2.1545259574152262,31850.0,0.790914,462.3537,-0.0,296.0898,0.8731430999814561,EIN611_1579
76573.49886025116,932.5528,-90226.2689826632,45343.361161544584,9707.879902922623,53.128900868437924,2.0040320315194426,31850.0,0.790894,462.3422,-0.0,296.0947,0.8728244954482488,EIN611_1579
77999.99990000618,0.0,91659.49217075657,31259.337986327166,30.48000030388123,52.32860183627624,4.708839891842632,100.0,0.3,198.3755,2432.0,252.8201,2.0139847131633464,EIN84X_1515
77909.63000538338,44.7961,87337.31217201929,29923.06348083255,583.9704359183528,52.31729222697684,4.644897714928353,1916.0,0.392565,257.9575,2970.0,251.9051,1.9722188068573747,EIN84X_1515
77821.25708146462,89.5923,81744.83924644244,28095.711079097793,1259.789016032366,52.301723225727855,4.562187448353989,4133.0,0.491703,320.5967,3000.0,251.8345,1.8953554785848743,EIN84X_1515
77736.55322800788,134.3884,74782.66763346927,25811.314896170017,1942.4823318172657,52.28217508932237,4.459299219421822,6373.0,0.590249,381.7877,3000.0,251.8485,1.8670441004838831,EIN84X_1515
77653.36408273267,179.1846,66481.07844761391,23089.67536616792,2625.175647602188,52.25876958792787,4.336736169101782,8613.0,0.613838,393.8349,3000.0,251.822,1.8493757389992347,EIN84X_1515
77570.98870378156,223.9807,57917.84795702529,20277.877193732136,3307.868963386978,52.234454212781486,4.210445382893056,10853.0,0.638616,406.3654,3000.0,251.7564,1.8311902096666042,EIN84X_1515
77489.45008026989,268.7769,49084.58377564136,17366.197872733726,3990.5622791716123,52.209130193916245,4.080315792285035,13092.0,0.664648,419.3962,3000.0,251.7752,1.812503856782037,EIN84X_1515
77408.77075506857,313.573,39966.247019550596,14363.858853661473,4673.255594956053,52.182868715478946,3.9461429240186052,15332.0,0.691999,432.9443,3000.0,251.7164,1.7933033691416986,EIN84X_1515
77328.97283156434,358.3692,30555.77764331535,11254.639021752886,5355.948910740255,52.15551034765675,3.8078370126921786,17572.0,0.720738,447.0262,3000.0,251.7706,1.7736036389763876,EIN84X_1515
77250.07797570767,403.1653,20835.522864819883,8053.248918537258,6038.642226524146,52.127173345809844,3.66515771063373,19812.0,0.750934,461.6577,3000.0,251.7632,1.7534097398641948,EIN84X_1515
77172.10740413942,447.9615,10796.958072843088,4745.586883328504,6721.335542307623,52.09771499774034,3.5179969649329474,22052.0,0.78266,476.8537,3000.0,251.7533,1.732726648093843,EIN84X_1515
77095.04819572052,492.7576,428.0540352070068,1327.103432052839,7404.028858089588,52.0670774060835,3.366198150169793,24291.0,0.812244,490.3665,3000.0,251.7707,1.710806185328769,EIN84X_1515
77018.60673478173,537.5538,-10235.960079928938,-2185.0855708680006,8086.722173872194,52.03539677139851,3.210296783734763,26531.0,0.82,490.4511,3000.0,251.7737,1.6851386893110296,EIN84X_1515
76942.9174892842,582.3499,-20901.063540955936,-5697.014463462377,8769.41548962139,52.00351299177961,3.054601024143092,28771.0,0.82,485.8101,2462.0,251.7591,1.5593068466458835,EIN84X_1515
76872.5003937521,627.1461,-31478.675146173184,-9183.12943604183,9329.780660873246,51.97166139827073,2.9004024327068847,30610.0,0.819082,481.4276,1925.0,251.6745,1.4233537651064665,EIN84X_1515
76807.84227845159,671.9422,-41969.33092197075,-12657.75569008306,9767.817687625859,51.93971864011887,2.747690610217913,32047.0,0.812789,474.7298,1387.0,251.6877,1.2769935522913267,EIN84X_1515
76749.69538800976,716.7384,-52327.41488400994,-16085.827004024562,10083.526569878904,51.90800979014756,2.5971220805990427,33082.0,0.80607,468.6504,850.0,251.6047,1.1212879613251305,EIN84X_1515
76698.5711408361,761.5345,-62559.53098651655,-19488.65990756301,10276.907307632746,51.87635028139366,2.4485968758315666,33717.0,0.79864,463.0177,312.0,251.6321,0.9557642899304025,EIN84X_1515
76654.97359682784,806.3307,-72680.71002094228,-22849.225072966285,10347.95990088927,51.84489866963443,2.3018870652614347,33950.0,0.793943,459.8145,-0.0,251.5553,0.8550127108204908,EIN84X_1515
76615.9796280855,851.1268,-82732.86073472338,-26201.846430696834,10347.95990044534,51.81334654374966,2.156384795620571,33950.0,0.794019,459.8585,-0.0,251.598,0.8547251858996213,EIN84X_1515
76576.99741503845,895.923,-92788.46840894537,-29547.295437857174,10347.959900001346,51.78167905236863,2.0110345176060007,33950.0,0.794095,459.9025,-0.0,251.6407,0.8544380458882266,EIN84X_1515
64355.802740922714,0.0,94220.3162597752,-39433.21079883376,30.480000303794043,52.304599762878766,4.777520178306585,100.0,0.3,198.3755,2500.0,294.445,1.8643812296498938,EZY16MH_978
64268.89358351218,46.5364,89944.50887067421,-37489.56860916316,621.4922581347168,52.32279746842847,4.715167309244748,2039.0,0.451932,296.8407,3000.0,293.2928,1.7761448370231667,EZY16MH_978
64186.537710590295,93.0728,83476.18148454696,-34704.833131803265,1330.7069675328978,52.348865338040625,4.620705184269173,4366.0,0.570072,371.3882,3000.0,293.2938,1.759839818110229,EZY16MH_978
64105.31815277519,139.6092,75369.46933598907,-31214.563244830482,2039.921676931335,52.381431151279536,4.502159307116502,6693.0,0.593545,383.4782,3000.0,293.2955,1.7402168030170089,EZY16MH_978
64025.03998923817,186.1456,66997.88930187137,-27609.97226586529,2749.136386329632,52.41493889821067,4.3795569551214495,9019.0,0.618247,396.0737,3000.0,293.2974,1.7201774559027778,EZY16MH_978
63945.722962878775,232.682,58350.47706643245,-23886.26496654702,3458.3510957277604,52.44942049426911,4.252719699073031,11346.0,0.644244,409.1941,3000.0,293.3002,1.699695840770415,EZY16MH_978
63867.386737622146,279.2184,49415.88701345247,-20038.379131826325,4167.56580512569,52.48490912983587,4.121461959368651,13673.0,0.67161,422.8585,3000.0,293.3061,1.6787803123390168,EZY16MH_978
63790.050977372135,325.7548,40182.524059043244,-16060.691033321735,4876.780514523378,52.52144181023003,3.9855928553952418,16000.0,0.700419,437.0858,3000.0,293.3147,1.657425275060627,EZY16MH_978
63713.735420638724,372.2912,30638.37246231536,-11947.436186535153,5585.995223920767,52.55905548747318,3.8449134572577264,18327.0,0.730747,451.8944,3000.0,293.3246,1.6356232781336102,EZY16MH_978
63638.45994572351,418.8276,20770.957429630216,-7692.834538311042,6295.209933317773,52.59778581977152,3.6992160712584448,20654.0,0.762674,467.3016,3000.0,293.3322,1.6133650028831297,EZY16MH_978
63564.24454775385,465.364,10567.152447972345,-3291.587470934427,7004.424642714269,52.63766257766126,3.5482812399007635,22980.0,0.796282,483.3239,3000.0,293.3351,1.5906552489438075,EZY16MH_978
63491.034703833415,511.9004,13.280140988158628,1261.2903746682096,7713.639352110158,52.67871099186911,3.391879137000798,25307.0,0.82,492.9689,2829.0,293.3368,1.533827846843896,EZY16MH_978
63419.99677621797,558.4368,-10756.029004317352,5907.487091251025,8382.405806588356,52.72038793947724,3.2319817034875413,27501.0,0.815373,485.6904,2270.0,293.3379,1.3931191184099139,EZY16MH_978
63355.32820345307,604.9732,-21380.967157651867,10491.641171218835,8919.15504939738,52.76129721975947,3.073928852933873,29262.0,0.809783,478.7461,1712.0,293.3385,1.2475548977961077,EZY16MH_978
63297.30796599267,651.5096,-31867.86059410531,15016.36853020418,9323.887080535324,52.801469847886544,2.9176388133560907,30590.0,0.803235,472.153,1154.0,293.3379,1.0976644767850219,EZY16MH_978
63246.18310817511,698.046,-42223.30757401737,19484.258519773954,9596.601900001884,52.840936021649796,2.7630249150732404,31485.0,0.795043,465.5138,595.0,293.3319,0.943079673530753,EZY16MH_978
63202.20260235868,744.5824,-52445.35422572674,23893.32582778834,9737.299507797541,52.87968507556397,2.6101278174339173,31947.0,0.783579,457.871,37.0,293.3243,0.7830459719945858,EZY16MH_978
63165.65333146174,791.1188,-62510.521573885526,28233.13662726826,9745.979903924588,52.917632982774265,2.4593110235290543,31975.0,0.782641,457.2657,-0.0,293.3175,0.7717620769000836,EZY16MH_978
63129.62434475045,837.6552,-72563.5305742634,32566.290881898803,9745.979903464366,52.9553314042871,2.308413334456083,31975.0,0.782606,457.2452,-0.0,293.3124,0.7715001640011309,EZY16MH_978
63093.608174789624,884.1916,-82616.47792080471,36898.35156812051,9745.979903003625,52.992828594472215,2.1572542162160024,31975.0,0.782564,457.221,-0.0,293.3123,0.7712332252455788,EZY16MH_978
63057.60511709784,930.728,-92668.9002207806,41230.164284198894,9745.979902542449,53.030131647632984,2.005840988080671,31975.0,0.782523,457.1968,-0.0,293.3122,0.770966445621206,EZY16MH_978
70010.56880424691,0.0,-36419.17598120068,91599.5435106666,30.48000030322966,52.328600065967265,4.708832762424091,100.0,0.3,198.3755,2500.0,157.5059,1.9415731511832508,ITY109_1534
69922.75394810917,45.1503,-34675.56288138892,87388.87235859664,603.8889891062636,52.29084618809531,4.7349244278432705,1981.0,0.428215,281.3196,3000.0,157.9222,1.859197486036434,ITY109_1534
69838.94457324561,90.3006,-32242.792931309603,81391.01666390194,1291.9797756795163,52.23705511622762,4.771266267251531,4239.0,0.568825,370.7422,3000.0,157.898,1.814854070271229,ITY109_1534
69757.55166436992,135.4509,-29026.045543736935,73469.89712940353,1980.070562252966,52.165998630835446,4.819183676993988,6496.0,0.591518,382.4387,3000.0,157.8651,1.7963941650701003,ITY109_1534
69677.01740667464,180.6013,-25702.70044988844,65299.74683702792,2668.161348826272,52.092688196600214,4.868527503646283,8754.0,0.615362,394.6095,3000.0,157.8347,1.777467178489489,ITY109_1534
69597.36229255321,225.7516,-22268.714782588337,56870.44916399423,3356.252135399412,52.0170311382549,4.919343175163278,11011.0,0.640419,407.2722,3000.0,157.8331,1.758097560826663,ITY109_1534
69518.60654715421,270.9019,-18723.93314467925,48169.86561669508,4044.342921972353,51.93891632085659,4.971618377589965,13269.0,0.666754,420.4445,3000.0,157.8409,1.7382645164999833,ITY109_1534
69440.77017546646,316.0522,-15065.38883667106,39186.56881815792,4732.433708545056,51.858239032417146,5.0253808339173265,15526.0,0.694435,434.1436,3000.0,157.8512,1.7179914659734736,ITY109_1534
69363.87300714971,361.2025,-11289.015722771745,29909.154503236456,5420.524495117468,51.774894668533996,5.080673091203687,17784.0,0.723531,448.3864,3000.0,157.8503,1.6972531380289042,ITY109_1534
69287.93473498347,406.3528,-7388.335221617803,20326.78773329859,6108.615281689518,51.68878362069602,5.137571371003386,20041.0,0.754114,463.189,3000.0,157.8476,1.6760722684045404,ITY109_1534
69212.97494111484,451.5031,-3358.1858014633335,10427.702074699138,6796.706068261094,51.599797665172794,5.196131234460924,22299.0,0.78626,478.5666,3000.0,157.8536,1.654419945799022,ITY109_1534
69138.98005642176,496.6534,804.883805617835,199.06265458297943,7484.796854832085,51.50781875938793,5.256381970804017,24556.0,0.82,494.507,3000.0,157.8721,1.6323034020155454,ITY109_1534
69065.5079256778,541.8038,5103.355696948885,-10372.04069769993,8172.887641402871,51.412727965233756,5.318337066734863,26814.0,0.82,489.8678,3000.0,157.9007,1.5993605034335447,ITY109_1534
68993.32496849161,586.9541,9355.751492415748,-20844.789683618903,8860.97842797287,51.31848994185677,5.379374548385441,29071.0,0.82,485.1843,2473.0,157.9369,1.4716346779841416,ITY109_1534
68926.58260017673,632.1044,13566.542256176428,-31233.927154137047,9428.250879376175,51.224973260329655,5.43956749068349,30933.0,0.815871,478.8652,1931.0,157.972,1.333403811049614,ITY109_1534
68865.90977162268,677.2547,17721.654991909145,-41503.742597838704,9871.253252370834,51.13250065403612,5.498724313257448,32386.0,0.810039,472.4152,1390.0,158.0003,1.1887324522136022,ITY109_1534
68811.71506023333,722.405,21820.875222267754,-51649.83264427701,10189.985546954145,51.041113149957596,5.556852787929707,33432.0,0.803504,466.432,848.0,158.0329,1.037485267669075,ITY109_1534
68764.3518730145,767.5553,25867.147112090704,-61681.310312341084,10384.447763126309,50.95073004898089,5.614004779486586,34070.0,0.795937,460.7214,306.0,158.0885,0.879878598321142,ITY109_1534
68724.16445903775,812.7056,29858.464668416058,-71604.27923154579,10454.639900890696,50.861297860411916,5.670160915975468,34300.0,0.790982,457.3797,-0.0,158.1505,0.7874411075134637,ITY109_1534
68688.19968281237,857.856,33812.31721431072,-81464.88048341704,10454.63990044655,50.77240191426728,5.725575080142297,34300.0,0.790943,457.3571,-0.0,158.1961,0.7871442920047524,ITY109_1534
68652.25005626796,903.0063,37758.11324296351,-91328.1422695322,10454.639900001994,50.68345642180405,5.7806643910118,34300.0,0.790903,457.3344,-0.0,158.2418,0.7868475735968585,ITY109_1534
62347.23272989145,0.0,-37633.65944826415,101161.13114706804,30.48000030369088,52.3212986729444,4.779952280649136,100.0,0.3,198.3755,2500.0,158.7528,1.8333794960060943,ITY121_1784
62256.752916520505,49.2663,-35832.0715364311,96527.69241430276,656.1620488797419,52.27975043746313,4.806951561885525,2153.0,0.461128,302.7607,3000.0,159.0548,1.7466830607822055,ITY121_1784
62171.104101908415,98.5326,-33113.94268594309,89426.42727598091,1406.9805071723029,52.216058612693864,4.84760165954653,4616.0,0.57254,372.6648,3000.0,159.0604,1.7375033627057699,ITY121_1784
62086.303428715204,147.7989,-29763.890728327344,80671.65454962895,2157.79896546511,52.13751713681921,4.897542412558167,7079.0,0.597564,385.5362,3000.0,159.077,1.716534638940791,ITY121_1784
62002.56981507977,197.0652,-26300.299043638868,71612.33536927227,2908.617423757775,52.05622122766728,4.948991522183561,9543.0,0.623977,398.9777,3000.0,159.0891,1.6950936607162235,ITY121_1784
61919.92558301168,246.3315,-22717.533541052744,62235.335551187476,3659.4358820502707,51.97205094258351,5.0020146095826545,12006.0,0.651861,413.0123,3000.0,159.1035,1.6732017523143279,ITY121_1784
61838.39307504655,295.5978,-19010.803963418195,52526.58684272036,4410.254340342566,51.884877713443565,5.056663452575414,14469.0,0.681302,427.6627,3000.0,159.1145,1.6508390756579259,ITY121_1784
61757.9947665495,344.8641,-15174.181392613124,42471.85234275551,5161.072798634619,51.79457130523605,5.1130047851224045,16933.0,0.712389,442.9511,3000.0,159.1263,1.6279811291844406,ITY121_1784
61678.7533696048,394.1304,-11202.265926772665,32056.104674566148,5911.891256926373,51.7009941436809,5.1710958791377015,19396.0,0.745214,458.8989,3000.0,159.1363,1.6046441372638074,ITY121_1784
61600.691920483296,443.3967,-7089.004199572595,21264.000406954958,6662.709715217738,51.604005607607284,5.231001621927935,21859.0,0.779874,475.5263,3000.0,159.1415,1.580799528018707,ITY121_1784
61523.82534909268,492.663,-2827.5280450813184,10079.973249756511,7413.5281735086,51.50346283566429,5.292796656032743,24323.0,0.816466,492.8519,3000.0,159.1573,1.5564154261604666,ITY121_1784
61447.81568408927,541.9293,1586.1598825498772,-1513.1280069012385,8164.346631799112,51.39920841328738,5.356511962737981,26786.0,0.82,489.9256,3000.0,159.1816,1.515804527065625,ITY121_1784
61373.515560723936,591.1956,5968.185262228647,-13037.76985091157,8915.165090088736,51.295535540354834,5.419482868153428,29249.0,0.818629,484.0029,2583.0,159.2121,1.4030434928963333,ITY121_1784
61304.4806595782,640.4619,10295.85049063135,-24437.66919823091,9561.65249251622,51.19295187896434,5.481393550897704,31370.0,0.813503,476.5621,1992.0,159.2459,1.2540441402547247,ITY121_1784
61242.59610693278,689.7282,14556.874852948886,-35682.02798490073,10060.179674868266,51.091736209981235,5.542081319612164,33006.0,0.807589,469.6936,1401.0,159.2794,1.1011599417426672,ITY121_1784
61188.12468120851,738.9945,18756.115851996434,-46782.945461274634,10410.746637142505,50.991781289342526,5.601628764430138,34156.0,0.800511,463.1895,810.0,159.3117,0.9442746848195487,ITY121_1784
61141.33871822157,788.2608,22896.70496287085,-57747.455571624974,10613.353379339138,50.89302531038037,5.6600926931878845,34821.0,0.791552,456.6361,218.0,159.333,0.782666912067395,ITY121_1784
61102.515575283396,837.5271,26979.805654674652,-68571.94658216092,10667.999901461219,50.795502167931495,5.717501704129266,35000.0,0.787579,453.9757,-0.0,159.3423,0.7210797219285022,ITY121_1784
61066.73926039472,886.7934,31039.114598461696,-79338.64496288348,10667.999900975476,50.69847198864799,5.774338744129407,35000.0,0.787575,453.9731,-0.0,159.3382,0.720819337785957,ITY121_1784
61030.97648561446,936.0597,35099.16776184247,-90104.99160212494,10667.999900489054,50.60141741347557,5.83095166026678,35000.0,0.787574,453.9727,-0.0,159.3367,0.7205615706699383,ITY121_1784
60995.22706071893,985.3261,39159.51366654563,-100871.21613233526,10667.999900002076,50.5043366004821,5.887335698555468,35000.0,0.787573,453.9723,-0.0,159.3351,0.720304037201295,ITY121_1784
59277.154689395466,0.0,33703.927538764685,100483.45032724726,30.480000295500634,52.32130050570107,4.779960154018197,100.0,0.3,198.3755,2500.0,199.3,1.7824069599428487,VLG41JT_193
59190.58176921084,48.4969,32086.385383513163,95864.48771690298,646.3905777606594,52.27985869011127,4.755721457824021,2121.0,0.458533,301.0907,3000.0,199.0169,1.7074406281581436,VLG41JT_193
59108.20784591026,96.9938,29660.85259986183,88826.97134543628,1385.4832707388914,52.21670575498188,4.719450155251652,4546.0,0.571843,372.3044,3000.0,199.0025,1.7061334048698584,VLG41JT_193
59026.29720709242,145.4907,26659.01389541651,80110.24732604108,2124.575963720583,52.138468546197636,4.674702797352306,6970.0,0.596428,384.9547,3000.0,198.9759,1.685375105067273,VLG41JT_193
58945.42643819453,193.9876,23558.974439249323,71094.73943848211,2863.6686567007105,52.05753164817599,4.628655346679978,9395.0,0.622355,398.1565,3000.0,198.9498,1.6641887145307326,VLG41JT_193
58865.615359747935,242.4845,20356.498689387412,61767.52461133634,3602.7613496789945,51.97377740872206,4.581260396153175,11820.0,0.649703,411.9317,3000.0,198.9349,1.6425797360432086,VLG41JT_193
58786.88397572524,290.9814,17045.407379404685,52115.779059038745,4341.854042655072,51.887088993188065,4.53244352884063,14245.0,0.678553,426.302,3000.0,198.9348,1.620537941800903,VLG41JT_193
58709.25259006815,339.4783,13618.524527013931,42126.458816342776,5080.946735628456,51.79734742350106,4.482117400152918,16670.0,0.70899,441.2885,3000.0,198.9367,1.598050178860683,VLG41JT_193
58632.74191557853,387.9752,10070.570028496122,31785.32177411035,5820.039428598467,51.704422691076395,4.430223910612854,19095.0,0.741102,456.9118,3000.0,198.9272,1.5751009671189518,VLG41JT_193
58557.37316825417,436.4721,6398.553257943757,21076.81344784299,6559.132121564127,51.60817277691496,4.376739751115743,21519.0,0.77498,473.1913,3000.0,198.9036,1.5516886877003837,VLG41JT_193
58483.16596236958,484.969,2600.081360087241,9984.677131926548,7298.224814524018,51.50844921724314,4.321651733907885,23944.0,0.810717,490.1451,3000.0,198.88,1.5277620732554302,VLG41JT_193
58409.9244858391,533.4658,-1329.8912635280165,-1506.8947619354972,8037.31750747862,51.40510744016489,4.264909970587887,26369.0,0.818486,489.8789,2910.0,198.8698,1.4729472255778997,VLG41JT_193
58339.01598789632,581.9627,-5256.29887257799,-12994.75555642807,8754.19163830878,51.301771736584854,4.208475691209163,28721.0,0.813952,482.3302,2328.0,198.8683,1.327439887867876,VLG41JT_193
58274.948177286795,630.4596,-9127.74996141332,-24322.769049543404,9327.690943075622,51.19984746356917,4.153079581184651,30603.0,0.808638,475.3034,1746.0,198.8621,1.179234704764304,VLG41JT_193
58217.89626537827,678.9565,-12947.113166073423,-35502.344793880984,9757.815421757456,51.099233270620154,4.098668622744102,32014.0,0.802106,468.5579,1164.0,198.8513,1.0285657000578592,VLG41JT_193
58168.03540735448,727.4534,-16715.336764835727,-46539.01197884179,10044.565074351109,50.99988063866394,4.045218114569565,32955.0,0.793634,461.6824,582.0,198.8477,0.8749984424798963,VLG41JT_193
58125.55350979727,775.9503,-20432.254508279504,-57427.6339342157,10187.939900862797,50.90183695224883,3.9927192721964517,33425.0,0.781219,453.5094,0.0,198.8559,0.7168245927794723,VLG41JT_193
58090.69737404305,824.4472,-24089.01306696505,-68135.01055889987,10187.939901322185,50.80540231090182,3.9412851229324706,33425.0,0.781166,453.4784,-0.0,198.8648,0.7165573325421214,VLG41JT_193
58055.85489616731,872.9441,-27747.170574973865,-78841.08979046147,10187.939900896172,50.70895675379488,3.8900429032572603,33425.0,0.781092,453.4357,-0.0,198.8646,0.7162744208545787,VLG41JT_193
58021.02697161945,921.441,-31404.947302932225,-89546.1753956851,10187.93990046365,50.61249778929718,3.8390163998600713,33425.0,0.78105,453.4112,-0.0,198.8605,0.7160162636109524,VLG41JT_193
57986.212168752456,969.9379,-35061.765567538256,-100250.94083327896,10187.939900025893,50.51601957100139,3.7882122521455144,33425.0,0.781008,453.3866,-0.0,198.8564,0.715758136423702,VLG41JT_193
75202.44447546882,0.0,92239.61381096816,30975.81016213291,30.48000030386928,52.331401824069374,4.740029810360453,100.0,0.3,198.3755,2461.0,253.0976,1.992115076748959,VLG8379_316
75112.87877561573,44.882,87903.67291407734,29658.24931924383,591.6841172090718,52.320267377341516,4.675883845582937,1941.0,0.403725,265.2676,3000.0,251.9899,1.93829608210842,VLG8379_316
75025.89977369588,89.764,82137.90044555187,27783.70718757182,1275.6856539815847,52.304305959109115,4.590604982199015,4185.0,0.516401,336.6376,3000.0,251.9993,1.860957498821246,VLG8379_316
74942.68600199516,134.646,74803.646085558,25400.56522793759,1959.687190759989,52.28392587306906,4.482216734356452,6429.0,0.59083,382.0855,3000.0,251.9717,1.8432124548413606,VLG8379_316
74860.4482216663,179.528,66473.8505102493,22689.505877296506,2643.6887275384015,52.26061934834385,4.359236320576751,8674.0,0.614494,394.1683,3000.0,251.967,1.8250630571577773,VLG8379_316
74779.04787796071,224.41,57879.885301711234,19891.684521413783,3327.6902643166864,52.236432880571584,4.23249137314075,10918.0,0.639354,406.7366,3000.0,251.9422,1.8064287175731144,VLG8379_316
74698.50695405737,269.2919,49012.23704243136,17000.50937291617,4011.69180109482,52.21129579096266,4.101854620027829,13162.0,0.665475,419.8077,3000.0,251.9498,1.7873052090126824,VLG8379_316
74618.8470553467,314.1739,39858.37984300336,14017.369555053996,4695.693337872769,52.18520841884439,3.9671570695488567,15406.0,0.692922,433.3986,3000.0,251.9413,1.7676966838307075,VLG8379_316
74540.08943025621,359.0559,30407.87422099402,10936.0098328494,5379.694874650493,52.15810102885189,3.828260445962335,17650.0,0.721763,447.5258,3000.0,251.965,1.7476064600634889,VLG8379_316
74462.2549858104,403.9379,20647.330817067083,7758.019770587792,6063.696411427933,52.12997341737438,3.684985406767255,19894.0,0.752071,462.2053,3000.0,251.9636,1.7270372722851903,VLG8379_316
74385.36429037017,448.8199,10566.119938048174,4475.362294413985,6747.697948204999,52.10073736514303,3.537193655044977,22138.0,0.783917,477.452,3000.0,251.957,1.7059914109663679,VLG8379_316
74309.40407818538,493.7019,152.26414192401793,1083.0450309164762,7431.699484981596,52.070330780826446,3.3847292315818533,24382.0,0.817377,493.28,3000.0,251.981,1.684471073037567,VLG8379_316
74233.95477355576,538.5839,-10608.682280199555,-2417.352405242765,8115.701021757923,52.03874899535545,3.2274018799729545,26626.0,0.82,490.255,2833.0,251.9987,1.6265723271394095,VLG8379_316
74160.79827872431,583.4659,-21308.490858487727,-5894.198260793692,8761.717717948643,52.007172162214225,3.0711891500221196,28746.0,0.82,485.8627,2295.0,252.028,1.4959449897605503,VLG8379_316
74093.1692950717,628.3479,-31928.36867550627,-9339.077425888927,9284.936994272915,51.97568111929044,2.9163613388334757,30462.0,0.815155,479.4266,1756.0,252.0563,1.355328081436935,VLG8379_316
74031.71353967574,673.2299,-42422.5079217567,-12737.435277578788,9685.358850729062,51.94441536030367,2.763580287412173,31776.0,0.808904,473.0241,1218.0,252.0466,1.206249608648313,VLG8379_316
73976.92589625214,718.1118,-52788.27791683058,-16096.153527350436,9962.983287316822,51.91332085273728,2.612878027205694,32687.0,0.802005,467.1073,679.0,252.0574,1.0485903449731304,VLG8379_316
73929.24843365801,762.9938,-63036.28987105149,-19414.597348313677,10117.810304036597,51.882409731156436,2.4640930455617647,33195.0,0.793938,461.3658,140.0,252.0476,0.8826585979976862,VLG8379_316
73889.11127502719,807.8758,-73167.82890535929,-22697.23234160513,10149.839900890363,51.851648603062834,2.3172010716253313,33300.0,0.791566,459.7721,-0.0,252.0269,0.8376037173333974,VLG8379_316
73851.03242400063,852.7578,-83265.59879365707,-25972.954501409356,10149.839900446004,51.820772021655465,2.1709999265552593,33300.0,0.791518,459.7441,-0.0,252.0643,0.837283016595532,VLG8379_316
73812.97018717839,897.6398,-93364.88932961391,-29241.886390898584,10149.839900001456,51.78977523479907,2.02497566816884,33300.0,0.79147,459.7161,-0.0,252.1017,0.836962507928644,VLG8379_316
77999.9999000064,0.0,91168.245744314,31729.009928060397,30.480000303891675,52.32860183627615,4.708839891842778,100.0,0.3,198.3755,2379.0,252.4553,2.0042637016236644,VLG98RR_135
77910.40632169468,44.6268,86869.26223208626,30369.853731284686,569.7693055528952,52.31707888644371,4.6452348523109395,1869.0,0.3956,259.994,2914.0,251.4198,1.9591665380362644,VLG98RR_135
77822.95474169771,89.2536,81267.31449030119,28486.748053858722,1230.4635314922452,52.301005126762036,4.5623745862358325,4037.0,0.498283,324.9973,3000.0,251.4201,1.893082013970454,VLG98RR_135
77738.6934846704,133.8804,74252.19777942661,26128.64601522082,1910.5757878228974,52.28079523772712,4.4586966444935445,6268.0,0.589175,381.2362,3000.0,251.4103,1.8678453073548822,VLG98RR_135
77655.78057205526,178.5072,66014.80647806269,23358.111862264122,2590.688044153563,52.25693420722942,4.337075078806957,8500.0,0.612618,393.2149,3000.0,251.4062,1.8502646031393615,VLG98RR_135
77573.67409687147,223.1339,57517.81807553685,20499.580002047678,3270.800300484101,52.23218426519454,4.211757952113436,10731.0,0.637239,405.6723,3000.0,251.3944,1.8321793094108498,VLG98RR_135
77492.39681120729,267.7607,48751.33400472291,17548.383744245286,3950.912556814488,52.20649242880226,4.082612665612063,12962.0,0.663101,418.6254,3000.0,251.3876,1.8135873346551448,VLG98RR_135
77411.97102785198,312.3875,39704.468444810984,14501.588746122929,4631.024813144687,52.17982039007895,3.949493664483227,15194.0,0.690268,432.0909,3000.0,251.3734,1.7944843497266696,VLG98RR_135
77332.41862714897,357.0143,30366.62189128945,11354.22962057333,5311.137069474655,52.152110477280836,3.812260644293867,17425.0,0.718808,446.0852,3000.0,251.363,1.7748958478039538,VLG98RR_135
77253.76105948898,401.6411,20726.263055875388,8102.958657519072,5991.2493258043305,52.12331848998252,3.670761277526865,19656.0,0.748789,460.6239,3000.0,251.3519,1.7548169915633214,VLG98RR_135
77176.01933848464,446.2679,10771.768989888667,4743.5973391515345,6671.361582133613,52.09339153231806,3.524843327149665,21888.0,0.780284,475.7219,3000.0,251.346,1.734241323705081,VLG98RR_135
77099.18874377497,490.8947,490.84944488740115,1272.9032873493602,7351.473838461397,52.0622838379048,3.374346433085451,24119.0,0.810628,489.7385,3000.0,251.3439,1.7126319342348728,VLG98RR_135
77022.99540781176,535.5215,-10093.123817383857,-2300.5379194603497,8031.586094789841,52.03005504618294,3.219632934677914,26350.0,0.82,490.824,2678.0,251.3435,1.6297492148168058,VLG98RR_135
76950.0303955276,580.1482,-20709.060926749175,-5884.850414293299,8638.61069776994,51.99752496069024,3.064676800971912,28342.0,0.82,486.7028,2142.0,251.3444,1.497752654107248,VLG98RR_135
76882.61180413558,624.775,-31249.5794291014,-9443.519841565734,9124.230380062061,51.96502674080132,2.9110448213525992,29935.0,0.814909,480.3794,1607.0,251.3488,1.3550732760097122,VLG98RR_135
76821.45446586242,669.4018,-41666.1547358771,-12959.451935808283,9488.445141664519,51.93272257713713,2.759438624898386,31130.0,0.808237,473.9756,1071.0,251.3572,1.2023878645916997,VLG98RR_135
76767.1083592827,714.0286,-51956.1707514664,-16430.977498251785,9731.254982577304,51.900635181102174,2.6098889560621017,31927.0,0.801081,468.139,536.0,251.3626,1.0407819984763989,VLG98RR_135
76720.04103444089,758.6554,-62130.51231214674,-19862.40715009433,9852.6599028019,51.86873205213702,2.462230744017677,32325.0,0.792695,462.4248,-0.0,251.369,0.8698592208134173,VLG98RR_135
76680.70779110727,803.2822,-72190.51333672603,-23254.02714912529,9852.659902360037,51.83701721878552,2.316438068727939,32325.0,0.792606,462.3732,-0.0,251.3715,0.8695100347640515,VLG98RR_135
76641.39352503672,847.909,-82249.53730352558,-26644.835088895958,9852.659901917501,51.805129870254696,2.170865212480691,32325.0,0.792612,462.3764,-0.0,251.3741,0.8692144804635715,VLG98RR_135
76602.09332456526,892.5358,-92308.78571382593,-30035.20997736099,9852.659901474817,51.77306691153956,2.0254953490075702,32325.0,0.792617,462.3797,-0.0,251.3767,0.8689192677593334,VLG98RR_135
74607.14178375868,0.0,-75072.67562406592,55078.75718752701,30.480000303878054,52.321296883159334,4.779955945890839,100.0,0.3,198.3755,2483.0,124.8114,1.9902099696059092,AUA3NA_1248
74521.25924472189,43.0824,-71501.26701265744,52595.51347806986,573.9086166221108,52.29944366142768,4.8330262812701,1883.0,0.400944,263.494,3000.0,125.6755,1.9352654483805347,AUA3NA_1248
74437.89616543619,86.1649,-66804.93580210936,49223.901182819485,1230.4848465246337,52.26971601703114,4.902754112926435,4037.0,0.510913,333.235,3000.0,125.675,1.8573881566460553,AUA3NA_1248
74358.15511591957,129.2473,-60851.85456162443,44950.11202708688,1887.0610764305102,52.23197492700576,4.991006889468089,6191.0,0.588385,380.8303,3000.0,125.6805,1.8400056081190899,AUA3NA_1248
74279.34004882585,172.3297,-54043.07345553072,40061.021314693215,2543.637306336411,52.18871952993821,5.091761387758865,8345.0,0.610959,392.371,3000.0,125.6836,1.822572150498497,AUA3NA_1248
74201.2968494126,215.4121,-47027.43744339585,35022.81175038328,3200.2135362421964,52.14405516695847,5.195371892351083,10499.0,0.634627,404.3566,3000.0,125.6907,1.8046874473579135,AUA3NA_1248
74124.04480582195,258.4946,-39797.38758366853,29829.278094064903,3856.7897661478487,52.09791887991342,5.301931682716646,12654.0,0.659446,416.8026,3000.0,125.6924,1.7863452390357448,AUA3NA_1248
74047.60290142498,301.577,-32344.272796666566,24475.16404901596,4513.365996053338,52.0502557187866,5.411548421512644,14808.0,0.685472,429.724,3000.0,125.7065,1.7675697606496137,AUA3NA_1248
73971.98983519805,344.6594,-24660.820971040957,18952.73107849559,5169.942225958641,52.00098767737773,5.5243082625077715,16962.0,0.712766,443.1356,3000.0,125.7066,1.748353549049805,AUA3NA_1248
73897.22403869385,387.7419,-16737.010433028125,13257.518002880557,5826.518455863701,51.95006568622246,5.640335565597075,19116.0,0.741391,457.0517,3000.0,125.715,1.7286986933494757,AUA3NA_1248
73823.32368612023,430.8243,-8564.725758419843,7381.881951264142,6483.094685768462,51.89741123054825,5.759725287886362,21270.0,0.77141,471.4857,3000.0,125.7179,1.7086067505689966,AUA3NA_1248
73750.30172750757,473.9067,-134.21202839114582,1319.9578469963426,7139.67091567284,51.842961059701665,5.882594304125593,23424.0,0.802889,486.4505,3000.0,125.7196,1.6880792777159368,AUA3NA_1248
73678.00413612156,516.9892,8564.05809112441,-4934.905806966902,7796.24714557684,51.78664382274556,6.009053971622494,25578.0,0.82,492.4125,3000.0,125.7227,1.6632623433162579,AUA3NA_1248
73606.32314265244,560.0716,17368.28291019685,-11266.679281480147,8452.823375480591,51.729496320605314,6.136732459873689,27732.0,0.82,487.9678,3000.0,125.716,1.6367152284109316,AUA3NA_1248
73535.58105829435,603.154,26092.75834220284,-17539.538751074513,9109.399605383847,51.672744374971806,6.262936106181481,29886.0,0.82,483.4822,2706.0,125.7144,1.5588074018388374,AUA3NA_1248
73467.90645891757,646.2364,34743.21556446712,-23758.812599810462,9701.565355114883,51.616344033733235,6.387756868673561,31829.0,0.82,479.4007,2189.0,125.7108,1.4326845038222555,AUA3NA_1248
73405.30409391937,689.3189,43331.900927281626,-29932.872714917867,10180.583491262554,51.560223056986125,6.511379524233263,33401.0,0.814622,472.9514,1672.0,125.7032,1.2988013546206236,AUA3NA_1248
73348.37785078242,732.4013,51816.02875956843,-36030.05478453117,10546.454013824816,51.50467352301937,6.633197939381528,34601.0,0.808674,466.9758,1155.0,125.7025,1.1571797524537695,AUA3NA_1248
73297.54717124047,775.4837,60203.025903186484,-42057.27266303847,10799.176922801362,51.44963768612021,6.753329852677122,35430.0,0.802272,461.5432,638.0,125.6988,1.007627065126505,AUA3NA_1248
73253.2312276042,818.5662,68503.98747932781,-48021.86426370213,10938.752218192718,51.39505301479076,6.871944447288464,35888.0,0.795157,456.4971,121.0,125.6973,0.8501290089543196,AUA3NA_1248
73215.83772693592,861.6486,76724.85828334015,-53928.57020689201,10965.179900001338,51.340880314074596,6.989135740770083,35975.0,0.788043,452.2336,-396.0,125.6957,0.6855992738865617,AUA3NA_1248
70779.51977291994,0.0,-77083.68979108843,48798.827577603544,30.48000000346567,52.328598122161814,4.708836177086727,100.0,0.3,198.3755,2495.0,120.8694,1.9498504081243313,AUA3NA_1264
70697.34145040908,42.0777,-73437.14638945449,46619.06138881778,563.812527535728,52.309497441682815,4.762968778739488,1850.0,0.415898,273.3528,3000.0,121.7452,1.8789338447477255,AUA3NA_1264
70618.35877249893,84.1554,-68453.08762096924,43535.405356743875,1205.0767507549147,52.282412306150945,4.836902389994604,3954.0,0.543007,354.2721,3000.0,121.743,1.8195242170193768,AUA3NA_1264
70542.20019131475,126.2331,-61978.48573963174,39529.89807413926,1846.340981866778,52.2471613729804,4.932811688022932,6058.0,0.587019,380.1289,3000.0,121.7452,1.8070891358257162,AUA3NA_1264
70466.6462407243,168.3108,-55028.70082945874,35230.04005639734,2487.6052128286333,52.20923356772565,5.035590376650869,8161.0,0.608991,391.3689,3000.0,121.7469,1.7896420715681585,AUA3NA_1264
70391.84686390916,210.3885,-47872.73183477418,30802.33258435803,3128.8694433004275,52.17008486929117,5.141234895885275,10265.0,0.632001,403.0322,3000.0,121.7509,1.7717840714731474,AUA3NA_1264
70317.81876083052,252.4662,-40503.06766383021,26241.68150030066,3770.1336732015866,52.129662162985454,5.249839931223246,12369.0,0.656102,415.1331,3000.0,121.7623,1.7535274700756496,AUA3NA_1264
70244.57844317585,294.5439,-32912.35788190124,21542.15600117423,4411.397902429153,52.087904201721784,5.361496596419503,14473.0,0.681348,427.6855,3000.0,121.7688,1.7348732019528534,AUA3NA_1264
70172.14226533387,336.6216,-25092.027751759775,16699.233921111772,5052.662130848607,52.04476184937533,5.476312375398669,16577.0,0.707795,440.7034,3000.0,121.7789,1.715821435556131,AUA3NA_1264
70100.52645242204,378.6993,-17033.948558297423,11707.116256213723,5693.926358279538,52.00017376772868,5.594386873670514,18681.0,0.7355,454.2001,3000.0,121.7824,1.696371328974801,AUA3NA_1264
70029.74712252611,420.7771,-8728.86417124697,6561.286200665568,6335.190584472129,51.954089460807,5.7158345286737715,20785.0,0.764523,468.1883,3000.0,121.7902,1.6765213377264956,AUA3NA_1264
69959.81973281593,462.8548,-168.25872780355238,1255.5189421363339,6976.454809071826,51.90644226576148,5.840757395486709,22889.0,0.794924,482.6802,3000.0,121.7974,1.6562696346943273,AUA3NA_1264
69890.6828393051,504.9325,8657.031423465862,-4215.846505981001,7617.719031877709,51.85716960752932,5.969264990931795,24993.0,0.82,493.6142,3000.0,121.8047,1.6333660430703603,AUA3NA_1264
69822.06967909524,547.0102,17681.591872975758,-9812.333143687309,8258.983253763747,51.806625726362114,6.100382965305563,27096.0,0.82,489.2842,3000.0,121.8056,1.6037944543987563,AUA3NA_1264
69754.52876898102,589.0879,26625.912006467905,-15359.250415966786,8900.247473112518,51.75638599177215,6.230044900974113,29200.0,0.82,484.9156,3000.0,121.805,1.57782971753895,AUA3NA_1264
69687.8780940595,631.1656,35489.4098074623,-20855.91852489423,9541.51168975028,51.706460967137716,6.358250522395027,31304.0,0.82,480.5072,2549.0,121.8077,1.4688466151064332,AUA3NA_1264
69625.5065820812,673.2433,44281.8718821089,-26309.10558962423,10086.304733050229,51.65679338672404,6.485148931410069,33092.0,0.818114,475.6338,2044.0,121.8148,1.3436311038337148,AUA3NA_1264
69568.15780516416,715.321,52995.02275413937,-31714.60593586541,10523.16608133147,51.607425711402634,6.610627984897653,34525.0,0.812788,469.5133,1539.0,121.8147,1.2124132924618023,AUA3NA_1264
69516.27066494513,757.3987,61606.67006429063,-37057.10451339139,10852.09572418114,51.5585022803292,6.734377080814409,35604.0,0.807076,463.9403,1034.0,121.8092,1.075099488296097,AUA3NA_1264
69470.1709532319,799.4764,70132.20153502582,-42345.049024768254,11073.09366217229,51.50995031702879,6.8566266088625,36329.0,0.800838,459.3366,529.0,121.8012,0.9313315063445725,AUA3NA_1264
69430.183904543,841.5541,78585.28138511405,-47586.42575839282,11186.159907542044,51.46170043954157,6.977580302250713,36700.0,0.794601,455.7589,24.0,121.7932,0.7818473355284935,AUA3NA_1264
71664.41913823089,0.0,93795.40380815462,-39585.461486572145,30.480000303824053,52.30459976287877,4.77752017830641,100.0,0.3,198.3755,2443.0,294.6097,1.9491823272563489,EIN611_1587
71573.8101686635,46.4005,89535.83445619655,-37634.40304187779,606.3760836648148,52.32285819714715,4.715405613552601,1989.0,0.426535,280.2076,3000.0,293.5505,1.8791344772964813,EIN611_1587
71486.73477113571,92.8009,83463.24160409013,-34987.60209837061,1313.5193099304527,52.347620550028985,4.626730590656765,4309.0,0.564527,367.8493,3000.0,293.6442,1.8279954475595086,EIN611_1587
71402.45275786097,139.2014,75478.83822362601,-31491.96138106369,2020.6625361989293,52.38021749970333,4.509990847925767,6629.0,0.592892,383.1433,3000.0,293.5813,1.8104313656705309,EIN611_1587
71319.0281377236,185.6019,67156.93843260493,-27859.451060974014,2727.8057624672947,52.41397181876982,4.38813113549784,8949.0,0.617485,395.6874,3000.0,293.7141,1.791144485289701,EIN611_1587
71236.52498349789,232.0024,58570.31458674851,-24087.667624833637,3434.9489887355144,52.448881687370694,4.262203886360341,11270.0,0.643365,408.7526,3000.0,293.7322,1.7713521817137625,EIN611_1587
71154.9659456998,278.4028,49700.49478105384,-20188.138756397788,4142.0922150035585,52.484832398461755,4.131914580059231,13590.0,0.670603,422.3581,3000.0,293.7651,1.75107907920778,EIN611_1587
71074.37336530881,324.8033,40536.929490159375,-16153.192447279871,4849.2354412713885,52.52187960751583,3.9970878213104024,15910.0,0.699272,436.5225,3000.0,293.7729,1.7303159806540234,EIN611_1587
70994.76931587038,371.2038,31065.883313035887,-11981.309314795417,5556.378667538949,52.56002257218328,3.857498467499171,18230.0,0.729449,451.2641,3000.0,293.7026,1.7090631597758537,EIN611_1587
70916.17563754795,417.6043,21269.067934349823,-7680.269830712044,6263.521893806167,52.59917554049871,3.712851770548894,20550.0,0.761212,466.6002,3000.0,293.6513,1.6873197513652116,EIN611_1587
70838.6137064669,464.0047,11134.783996665985,-3241.895402728056,6970.66512007293,52.639394157401036,3.5629504178132048,22870.0,0.794643,482.5471,3000.0,293.5291,1.665084281065129,EIN611_1587
70762.01639797498,510.4052,643.9336368185695,1326.0037573872396,7677.808346339157,52.68058867928473,3.407484907039864,25190.0,0.82,493.2101,3000.0,293.4946,1.6393160248937841,EIN611_1587
70686.09679899196,556.8057,-10081.42180181989,5988.328435260671,8384.951572605087,52.722424084006285,3.2482416306267408,27510.0,0.82,488.4292,2942.0,293.4388,1.5977300290458676,EIN611_1587
70611.87127124568,603.2062,-20707.69505571036,10595.26889229738,9078.337484589858,52.7635515280514,3.090169471720269,29785.0,0.82,483.6954,2385.0,293.4073,1.4632055563678852,EIN611_1587
70543.51626497615,649.6066,-31248.58569936259,15158.320645329743,9640.476253669462,52.804078782717745,2.9330735989006937,31629.0,0.815493,477.1861,1828.0,293.3196,1.3201335718601823,EIN611_1587
70481.62578453353,696.0071,-41668.690715697725,19650.157418799336,10071.36787984204,52.84376720524596,2.77749295200177,33043.0,0.809258,470.5878,1271.0,293.3127,1.1693556283523534,EIN611_1587
70426.6833604628,742.4076,-51958.48578964019,24084.34546605463,10371.012363107315,52.88274613118172,2.6235795536387183,34026.0,0.802257,464.4719,714.0,293.2743,1.0110638947106507,EIN611_1587
70379.11935965644,788.8081,-62129.66362421992,28459.34215167405,10539.409703465753,52.92100725583428,2.471170477131598,34578.0,0.794279,458.7113,158.0,293.2212,0.845581663812733,EIN611_1587
70339.34267597,835.2085,-72189.6246910753,32775.45598695164,10576.559900919623,52.95855857090516,2.320165902337125,34700.0,0.791708,456.9753,-0.0,293.1993,0.7965825945296576,EIN611_1587
70301.86793458914,881.609,-82216.00360418821,37072.63159116264,10576.559900460696,52.99575309369294,2.1694060648413407,34700.0,0.79181,457.0339,-0.0,293.1757,0.7963331942404579,EIN611_1587
70264.40319197363,928.0095,-92245.44072162599,41366.21834427322,10576.559900001565,53.03272385165217,2.018342283705842,34700.0,0.791911,457.0925,-0.0,293.152,0.7960842135205662,EIN611_1587
75009.6720858749,0.0,91408.75995060096,-41398.43535984421,30.480000303855814,52.32860183807372,4.70883989189743,100.0,0.3,198.3755,2449.0,296.0615,1.9877968573231444,EIN611_1606
74918.23382573755,45.9194,87243.65420812565,-39361.443677311676,601.7521928840644,52.34760007141219,4.648090599024194,1974.0,0.407888,267.9716,3000.0,294.8665,1.9320089921348826,EIN611_1606
74829.5454469139,91.8389,81558.20171197414,-36726.38765007532,1301.5642922943675,52.37217461425077,4.565046719517541,4270.0,0.525099,342.2054,3000.0,294.8705,1.8571412430814247,EIN611_1606
74744.61950532618,137.7583,74281.33103886858,-33353.127402194965,2001.3763917120166,52.403548425363255,4.458623387865487,6566.0,0.592239,382.8083,3000.0,294.8772,1.8404597496098327,EIN611_1606
74660.62274921511,183.6777,66135.90864802308,-29576.094453039525,2701.1884911296565,52.43856376032804,4.339318441829045,8862.0,0.616537,395.2059,3000.0,294.9046,1.821834410593681,EIN611_1606
74577.50615189476,229.5971,57727.592507589055,-25672.266964654173,3401.000590547157,52.474627080040776,4.2159650753335205,11158.0,0.642092,408.1132,3000.0,294.9119,1.8026938842575033,EIN611_1606
74495.29313055586,275.5166,49044.28892182044,-21639.41996087864,4100.812689964493,52.51174707789421,4.088365738988549,13454.0,0.668974,421.5487,3000.0,294.9341,1.7830433498622473,EIN611_1606
74414.0066926817,321.436,40075.92604913954,-17469.956445732925,4800.624789381628,52.549979363738586,3.9563519794139075,15750.0,0.697254,435.5306,3000.0,294.9471,1.7628870154269614,EIN611_1606
74333.66945949572,367.3554,30810.354407302668,-13159.754277307084,5500.436888798513,52.58934724022141,3.819722255237893,18046.0,0.727005,450.0765,3000.0,294.9465,1.742228165720433,EIN611_1606
74254.30368266095,413.2749,21234.63745020974,-8705.414842918311,6200.248988215077,52.62986614306071,3.6782614887039484,20342.0,0.758303,465.2033,3000.0,294.9203,1.7210694205854793,EIN611_1606
74175.93108722546,459.1943,11334.435974326681,-4105.6340803365365,6900.061087631208,52.671531170090866,3.5317318594145144,22638.0,0.791228,480.927,3000.0,294.938,1.69941311598027,EIN611_1606
74098.49982393628,505.1137,1100.6364434576474,653.0001263934003,7599.873187046822,52.71444457092978,3.3799713892783774,24934.0,0.82,493.7341,3000.0,294.969,1.6757730124895072,EIN611_1606
74021.60734054177,551.0331,-9403.123848329667,5544.074688934727,8299.685286462254,52.75835006259114,3.223897116736606,27230.0,0.82,489.0081,2901.0,294.9997,1.6292652763210236,EIN611_1606
73946.60386440775,596.9526,-19805.34195725271,10394.651831898313,8976.38415594528,52.80168985880028,3.069021564520784,29450.0,0.82,484.3943,2350.0,294.9901,1.4967629067105037,EIN611_1606
73877.31115630358,642.872,-30124.675792655067,15204.463147285842,9524.543118599346,52.84446570989427,2.9150756486392644,31249.0,0.816128,478.3549,1799.0,295.0188,1.3545712655930229,EIN611_1606
73814.34846192734,688.7914,-40326.53669296131,19965.74649866568,9944.16217442274,52.88661450997005,2.762583691932784,32625.0,0.80981,471.782,1248.0,295.0298,1.2033130626580208,EIN611_1606
73758.297717138,734.7109,-50399.93779332447,24669.440508597214,10235.241323415192,52.92806187178942,2.6117209878947465,33580.0,0.802938,465.7942,697.0,295.036,1.0433090684174866,EIN611_1606
73709.64042722493,780.6303,-60356.55957778289,29319.90807905519,10397.780565577132,52.96885236763307,2.462323473992531,34113.0,0.795064,460.1258,146.0,295.0569,0.874633983141418,EIN611_1606
73668.84680918591,826.5497,-70200.66545904445,33922.20545259095,10431.779900910615,53.00903686330211,2.3143364651575795,34225.0,0.792786,458.5777,-0.0,295.0368,0.827944934225215,EIN611_1606
73630.2288154385,872.4691,-80015.77398145037,38506.75148710419,10431.77990045609,53.04888206504957,2.166512462393807,34225.0,0.792751,458.5577,-0.0,295.0356,0.8276176868107772,EIN611_1606
73591.62810137727,918.3886,-89830.55032610093,43090.8877955201,10431.77990000143,53.08854009936508,2.0184206093298314,34225.0,0.792717,458.5376,-0.0,295.0344,0.8272905862947663,EIN611_1606
63807.96035748444,0.0,93431.62751770031,29960.068551156164,30.48000012940553,52.30459976112898,4.7775201782876895,100.0,0.3,198.3755,2500.0,253.8971,1.8561110795647613,EIN84T_1564
63724.34799148124,44.9741,89070.06192263657,28700.928940270376,601.6513902049652,52.29400361312476,4.713047723423965,1974.0,0.446683,293.4596,3000.0,252.7133,1.772056470692038,EIN84T_1564
63644.921349698496,89.9482,82645.45443315955,26701.525732030805,1287.0570583894664,52.2770305913384,4.618100131198242,4223.0,0.568666,370.6602,3000.0,252.715,1.7555757487305887,EIN84T_1564
63566.60561549248,134.9224,74515.72690061029,24171.728941531353,1972.4627265977845,52.25544612706197,4.498057527508373,6471.0,0.591261,382.3068,3000.0,252.7188,1.7366154509183345,EIN84T_1564
63489.16865080596,179.8965,66129.31707213605,21562.67158210772,2657.868394795351,52.233058255441804,4.374347614373825,8720.0,0.614997,394.4238,3000.0,252.7259,1.717247881559806,EIN84T_1564
63412.6280677196,224.8706,57475.779015933666,18871.68942927878,3343.2740629805317,52.209832473585706,4.246828551821241,10969.0,0.639935,407.0287,3000.0,252.7338,1.6974831447156733,EIN84T_1564
63337.00142628345,269.8447,48544.39375457436,16095.656107702885,4028.679731151268,52.18572914720312,4.115355469358355,13217.0,0.66614,420.1389,3000.0,252.7428,1.6773313051429766,EIN84T_1564
63262.306303618454,314.8189,39324.04687153412,13231.387744744297,4714.08539930491,52.160707089854874,3.9797788520350896,15466.0,0.693679,433.7713,3000.0,252.7525,1.6567604827201197,EIN84T_1564
63188.56036003904,359.793,29803.26294435853,10275.555779968603,5399.491067437974,52.1347226950456,3.839945128162955,17715.0,0.72262,447.9428,3000.0,252.7643,1.6357769058599902,EIN84T_1564
63115.78139832198,404.7671,19970.126030170693,7224.980707020009,6084.896735545758,52.107732497439855,3.695695630558712,19964.0,0.753034,462.6693,3000.0,252.7774,1.614371991085727,EIN84T_1564
63043.98741140894,449.7412,9812.414278644063,4076.2516851053115,6770.302403621681,52.07968965473475,3.5468686303906747,22212.0,0.784997,477.9658,3000.0,252.7898,1.5925510552980398,EIN84T_1564
62973.17785815175,494.7154,-682.3221014341216,825.5445634803444,7455.708071658384,52.050542207122135,3.3933005958297087,24461.0,0.818581,493.8463,3000.0,252.8009,1.5702735915798849,EIN84T_1564
62902.99800495898,539.6895,-11526.792287735134,-2531.188886796814,8141.113739671819,52.02023450534814,3.234826067438392,26710.0,0.82,490.083,3000.0,252.811,1.5333388824454153,EIN84T_1564
62834.2738579936,584.6636,-22287.948524808307,-5860.05391076646,8826.51940761983,51.9899684804238,3.077781781919456,28958.0,0.82,485.4199,3000.0,252.8199,1.4997500406099338,EIN84T_1564
62766.856862115936,629.6377,-32945.856261363624,-9155.173721468784,9511.925075487892,51.95980352902199,2.9224538979744565,31207.0,0.819042,480.15,2465.0,252.8253,1.37006102821582,EIN84T_1564
62704.981150234424,674.6119,-43502.859176543985,-12418.011562298423,10075.088237369855,51.92973274264413,2.76880308136452,33055.0,0.81418,473.4237,1925.0,252.8279,1.2347491172700589,EIN84T_1564
62649.05304930613,719.586,-53925.93234865927,-15638.930842854756,10514.949300866392,51.899852209046976,2.617303980457091,34498.0,0.808733,467.228,1386.0,252.8304,1.0957734667576131,EIN84T_1564
62599.31145893664,764.5601,-64226.45963064903,-18821.484354764565,10831.508265728631,51.8701366273786,2.467784473457809,35536.0,0.802509,461.4566,846.0,252.8333,0.9524584239406707,EIN84T_1564
62556.004570779645,809.5342,-74417.5590822484,-21969.662164426507,11024.765131975542,51.84055557689789,2.3200481924218783,36170.0,0.795152,456.0751,306.0,252.8344,0.8047251594600541,EIN84T_1564
62519.37630744494,854.5084,-84506.06096706697,-25085.94152950875,11094.719899921847,51.81109214449981,2.1739908525731124,36400.0,0.790287,453.2845,0.0,252.8331,0.7184853021322173,EIN84T_1564
62486.66319294998,899.4825,-94531.251943667,-28182.911095667605,11094.71990016522,51.78163241621172,2.029039788426505,36400.0,0.785421,450.4939,-306.0,252.8318,0.6323523877058506,EIN84T_1564
77999.99990001722,0.0,90635.7234894867,31514.73826821801,30.48000030066544,52.32860183627697,4.708839891843397,100.0,0.3,198.3755,2145.0,252.4619,1.9549754318804582,EIN84T_1633
77913.22973332054,44.3032,86360.79928908803,30163.73493047994,513.2060019206929,52.3171442142168,4.645592891822967,1684.0,0.40962,269.3825,2677.0,251.3395,1.8985072343642178,EIN84T_1633
77829.15271161363,88.6065,80591.84396754706,28215.47885186488,1115.5829022807707,52.30050397999534,4.560263783819793,3660.0,0.527536,344.5355,3000.0,251.3453,1.8877608407273054,EIN84T_1633
77745.82980377354,132.9097,73208.48397493358,25722.860018703166,1790.7642546277225,52.27912505509367,4.451149776735729,5875.0,0.585163,379.1742,3000.0,251.3505,1.8708253991432826,EIN84T_1633
77663.37912230748,177.213,65077.841466432146,22978.772488224145,2465.9456069745943,52.25547343205871,4.331114344050425,8090.0,0.608232,390.9825,3000.0,251.3565,1.8534706333396769,EIN84T_1633
77581.71905500167,221.5162,56692.71500010985,20149.783281486794,3141.126959321177,52.230963047204135,4.2074564051731445,10306.0,0.632451,403.2594,3000.0,251.3592,1.83559943864185,EIN84T_1633
77500.87194092816,265.8194,48043.244621041464,17232.062550114984,3816.3083116674184,52.205548816548415,4.080043541074934,12521.0,0.657881,416.0217,3000.0,251.3666,1.8172365618871666,EIN84T_1633
77420.85969229547,310.1227,39118.8124260002,14222.860184899559,4491.489664013249,52.17919446889443,3.9487335351464736,14736.0,0.684585,429.2857,3000.0,251.3739,1.7983789354492803,EIN84T_1633
77341.70380159824,354.4259,29908.67891967889,11118.636566267023,5166.671016358584,52.15185559730156,3.8133834863490823,16951.0,0.712627,443.0676,3000.0,251.3809,1.779031972163238,EIN84T_1633
77263.42534537164,398.7291,20401.785129280077,7915.677287640817,5841.852368703291,52.123485137589874,3.673847128244504,19166.0,0.742076,457.3828,3000.0,251.3851,1.7592006121220645,EIN84T_1633
77186.0449803229,443.0324,10586.881042445724,4609.752858023744,6517.033721047187,52.09403022925094,3.529976812349537,21381.0,0.773001,472.2461,3000.0,251.3858,1.7388896740760613,EIN84T_1633
77109.57384287489,487.3356,452.46603509502984,1196.3504307755095,7192.215073390026,52.063434227819286,3.3816227959873295,23597.0,0.805473,487.6714,3000.0,251.3818,1.7180924690105885,EIN84T_1633
77033.79987109607,531.6389,-10013.153212233829,-2329.4276042189827,7867.396425731894,52.0316354981758,3.2286343688403,25812.0,0.82,491.9328,2658.0,251.3781,1.6328923094692362,EIN84T_1633
76961.26776647042,575.9421,-20579.216663753054,-5889.802822029318,8465.650918995516,51.99932405763404,3.0743989758794177,27774.0,0.82,487.8806,2127.0,251.3811,1.5017305064449646,EIN84T_1633
76894.22953251295,620.2453,-31071.790324187637,-9424.790954193266,8944.254513523316,51.96704393249862,2.9214571239925493,29345.0,0.813826,480.9653,1595.0,251.3896,1.3590245217529273,EIN84T_1633
76833.44822840676,664.5486,-41428.56231915087,-12912.33019253516,9303.207209311278,51.935002860898535,2.770711087922993,30522.0,0.807199,474.6235,1063.0,251.3979,1.2069123291214245,EIN84T_1633
76779.39832286509,708.8518,-51660.77871323076,-16356.275479440656,9542.509006358978,51.9031731970227,2.621989645929926,31307.0,0.799799,468.6632,532.0,251.4053,1.0459658324634442,EIN84T_1633
76732.54099153733,753.155,-61775.38672733106,-19759.175007525624,9662.159904668099,51.87153857613558,2.475184926013086,31700.0,0.79099,462.7036,-0.0,251.4123,0.8757464369225558,EIN84T_1633
76693.31757208431,797.4583,-71771.01480331995,-23120.686597463835,9662.159904248752,51.84010908739528,2.3303101478404527,31700.0,0.790958,462.6846,-0.0,251.4181,0.8754359712823544,EIN84T_1633
76654.10953982708,841.7615,-81766.57488111481,-26481.04050359045,9662.159903815613,51.80851231708902,2.1856387746472734,31700.0,0.79094,462.6744,-0.0,251.4217,0.8751350243943977,EIN84T_1633
76614.9161229633,886.0648,-91762.12247355512,-29840.697708355605,9662.159903381993,51.77674456407815,2.0411706454407312,31700.0,0.790923,462.6641,-0.0,251.4253,0.87483417788922,EIN84T_1633
77110.11774046699,0.0,91389.89357597839,29049.351768063945,30.48000030387789,52.32860183627624,4.7088398918427155,100.0,0.3,198.3755,2468.0,254.0069,2.012126297443236,EIN84X_1589
77020.73530898217,44.3503,87085.23266888734,27815.57358760446,586.4732235096781,52.31820903206736,4.645183023425002,1924.0,0.393347,258.4638,3000.0,253.0125,1.9681349388596554,EIN84X_1589
76933.42730597105,88.7006,81504.15092264356,26110.596392773306,1262.3716191798374,52.30373629471808,4.56266953180627,4142.0,0.493757,321.9261,3000.0,253.015,1.8861301526819454,EIN84X_1589
76849.98929610106,133.0509,74536.85182096192,23982.470437622607,1938.2700148683007,52.285591195484564,4.4597374275324935,6359.0,0.590107,381.7148,3000.0,252.9977,1.8598399866214557,EIN84X_1589
76767.9554368759,177.4012,66266.74782095884,21453.68620894997,2614.1684105567942,52.263912652486745,4.337667337855679,8577.0,0.613448,393.6369,3000.0,252.9846,1.8422109739962322,EIN84X_1589
76686.72519208553,221.7514,57737.966719433534,18843.66215689777,3290.066806245161,52.24140506189325,4.211904021753651,10794.0,0.637955,406.0323,3000.0,252.9735,1.824091864686207,EIN84X_1589
76606.32053700059,266.1017,48940.23163548879,16149.474527522352,3965.9652019333757,52.21803113179867,4.082308503824982,13012.0,0.663688,418.9178,3000.0,252.9542,1.8054697488244305,EIN84X_1589
76526.76303989076,310.452,39863.40390310995,13366.472747624039,4641.863597621402,52.19373702848343,3.9487447220237692,15229.0,0.690712,432.3098,3000.0,252.9413,1.786369584491148,EIN84X_1589
76448.07387306697,354.8023,30496.30005248609,10492.162078663363,5317.761993309199,52.16848732496127,3.8110628295489084,17447.0,0.719093,446.2242,3000.0,252.9339,1.7667755039551845,EIN84X_1589
76370.27381953101,399.1526,20827.41433593968,7523.87707660397,5993.660388996705,52.14224391600639,3.669109452015779,19664.0,0.748898,460.6764,3000.0,252.9267,1.7467130399432425,EIN84X_1589
76293.38327063492,443.5029,10845.166141258289,4458.025254209074,6669.558784683822,52.11495913058137,3.5227313936226103,21882.0,0.780199,475.6811,3000.0,252.9218,1.7261641869754645,EIN84X_1589
76217.39867218785,487.8532,537.5505127738811,1291.2899699932245,7345.457180369591,52.08658648467631,3.371770734742036,24099.0,0.812082,490.657,3000.0,252.9135,1.704934170522359,EIN84X_1589
76142.01266916112,532.2035,-10094.46936154858,-1976.7946641262922,8021.355576055917,52.057103764977676,3.216260819466139,26317.0,0.82,490.8932,3000.0,252.9088,1.678813822328256,EIN84X_1589
76067.40169263222,576.5537,-20730.43803889508,-5247.051981232957,8697.253971741842,52.027396961515535,3.06089918887618,28534.0,0.82,486.3028,2658.0,252.9052,1.5911895957035849,EIN84X_1589
75996.37065468662,620.904,-31275.42856728248,-8490.074237191382,9296.161502494015,51.99773619509513,2.9070708797695506,30499.0,0.82,482.1987,2126.0,252.8961,1.4602056381308133,EIN84X_1589
75930.77728918078,665.2543,-41744.56418312819,-11711.583682601053,9775.16386078477,51.968074530643015,2.7545515257954856,32071.0,0.815002,475.9719,1594.0,252.8801,1.3196620413236537,EIN84X_1589
75871.30068948003,709.6046,-52090.3400367422,-14898.28988385714,10134.261046612188,51.93854070698394,2.6040286674831656,33249.0,0.808661,469.8084,1062.0,252.8687,1.1699635349613993,EIN84X_1589
75818.47235128867,753.9549,-62313.311750561006,-18049.397663386797,10373.453059976373,51.90914913563995,2.4554880734928552,34034.0,0.801805,464.1937,529.0,252.8557,1.010890053022125,EIN84X_1589
75772.77434072433,798.3052,-72424.14711636592,-21168.46534080685,10492.739900879513,51.87987360828675,2.308769067702075,34425.0,0.79413,458.942,-0.0,252.8457,0.8441433012710501,EIN84X_1589
75734.62754682818,842.6555,-82429.52308296073,-24256.90095989883,10492.73990044045,51.85070697456382,2.163769396797635,34425.0,0.794131,458.9427,-0.0,252.8324,0.8438267813915938,EIN84X_1589
75696.49611352579,887.0058,-92434.1987267225,-27347.6584146021,10492.739900001337,51.821341573880666,2.018968919391373,34425.0,0.794133,458.9434,-0.0,252.8192,0.8435105240582236,EIN84X_1589
60247.748375840216,0.0,-37671.68291651886,100736.57387607665,30.480000303720786,52.32129867124531,4.779952313842077,100.0,0.3,198.3755,2500.0,158.6543,1.7989860766411587,EJU13CB_1081
60159.31550016352,49.0782,-35869.016754127224,96123.85242542678,653.7733658400889,52.27993694618263,4.806965776287274,2145.0,0.460493,302.3524,3000.0,159.0871,1.7197131905229628,EJU13CB_1081
60075.34845201377,98.1564,-33168.892409040855,89057.68674854974,1401.7254044855642,52.21655988328884,4.847349139557789,4599.0,0.572369,372.5766,3000.0,159.0846,1.7159207154105434,EJU13CB_1081
59991.96765701246,147.2347,-29836.044492153447,80336.85350512192,2149.6774431313574,52.13832304867292,4.897036854155639,7053.0,0.597286,385.3939,3000.0,159.0835,1.6949248459072832,EJU13CB_1081
59909.65093065843,196.3129,-26387.92446123939,71314.91194241111,2897.62948177699,52.05736301260866,4.948259678267359,9507.0,0.62358,398.7768,3000.0,159.0841,1.673494173529474,EJU13CB_1081
59828.419286476914,245.3911,-22819.759600414167,61978.578335248705,3645.581520422431,51.97355842851792,5.001070709398603,11961.0,0.651333,412.7478,3000.0,159.0865,1.651621864182775,EJU13CB_1081
59748.29387673589,294.4693,-19126.61426267774,52314.0289445695,4393.533559067643,51.88678292384631,5.055523938427372,14414.0,0.680629,427.3296,3000.0,159.0872,1.6293131603225905,EJU13CB_1081
59669.296111766365,343.5475,-15302.793111403045,42307.13571600737,5141.485597712571,51.796907224068015,5.111682806066235,16868.0,0.711556,442.544,3000.0,159.0857,1.6065267289546175,EJU13CB_1081
59591.44777083379,392.6257,-11342.270211453608,31943.31687780985,5889.437636357142,51.703797766738326,5.1696137903329005,19322.0,0.744206,458.4122,3000.0,159.0864,1.5832616912116635,EJU13CB_1081
59514.77109689638,441.704,-7239.619285584376,21207.20393856893,6637.38967500124,51.60731367443609,5.229372797472152,21776.0,0.778674,474.9543,3000.0,159.0887,1.5595008978406124,EJU13CB_1081
59439.283349907404,490.7822,-2989.183180547416,10082.990311791698,7385.3417136447215,51.50730990817577,5.291017134760358,24230.0,0.815057,492.1887,3000.0,159.0931,1.5352254250916584,EJU13CB_1081
59364.698248162946,539.8604,1414.7532441407093,-1445.593907635914,8133.29375228771,51.403636994169965,5.354602826895391,26684.0,0.82,490.1359,3000.0,159.0957,1.49385033219406,EJU13CB_1081
59291.842283273625,588.9386,5799.2627963690275,-12924.902142685984,8881.245790929515,51.30037311007372,5.417621860971284,29138.0,0.82,485.0456,2917.0,159.099,1.4401276442182696,EJU13CB_1081
59221.37019185118,638.0168,10138.021834215022,-24286.39845438849,9608.461879529623,51.19813588796025,5.479704739518139,31524.0,0.817373,478.5068,2328.0,159.104,1.2958754896002962,EJU13CB_1081
59157.684826035686,687.095,14424.06688572322,-35512.78563427506,10188.845334883532,51.09708236412404,5.540763250381707,33428.0,0.812175,471.4735,1739.0,159.1106,1.148176613515208,EJU13CB_1081
59101.08360810217,736.1733,18652.237647813585,-46591.43017302674,10622.396156988687,50.997327748882874,5.600736123014715,34850.0,0.806098,464.9652,1150.0,159.1162,0.9975142243486887,EJU13CB_1081
59051.791255707634,785.2515,22827.62624178568,-57534.984523157495,10909.114345845297,50.89875955628584,5.659707593500003,35791.0,0.798792,458.7873,561.0,159.1199,0.8435005549611844,EJU13CB_1081
59010.036585340305,834.3297,26955.293222030232,-68355.56518771494,11048.999901456613,50.801269940969895,5.717760010605297,36250.0,0.789997,453.1181,-0.0,159.1226,0.6931690359975644,EJU13CB_1081
58975.68252676695,883.4079,31035.18878954973,-79052.43733443963,11048.9999009724,50.7048667333907,5.774902861140241,36250.0,0.789979,453.1078,-0.0,159.1263,0.6929055014280481,EJU13CB_1081
58941.34242550462,932.4861,35114.30120488044,-89749.3306677875,11048.999900487583,50.60843557113013,5.83180010853481,36250.0,0.789953,453.093,-0.0,159.1293,0.6926376863103989,EJU13CB_1081
58907.016636803804,981.5643,39192.73694206469,-100446.0808086015,11048.999900002273,50.51197815031989,5.888455038173959,36250.0,0.789927,453.0781,-0.0,159.1322,0.6923699817249664,EJU13CB_1081
77035.4397216567,0.0,-37416.240660596675,100999.3240525504,30.480000000757453,52.32129868444511,4.779952291563544,100.0,0.3,198.3755,2150.0,158.8358,1.9452030691034117,EJU78CP_1097
76939.39111579755,49.2752,-35616.53989292454,96350.80318476852,568.6650356826361,52.2796139702246,4.806922449192287,1866.0,0.4264,280.2401,2741.0,159.4171,1.885451086689676,EJU78CP_1097
76846.57344934103,98.5504,-33140.5095556811,89757.45376172189,1254.8635946661764,52.22047428670949,4.84396464733653,4117.0,0.561858,366.3594,3000.0,159.3899,1.8757271519240362,EJU78CP_1097
76754.65529382687,147.8256,-29896.408689139702,81131.27343276855,2005.817647735984,52.143083730062685,4.8923472836692055,6581.0,0.592389,382.8854,3000.0,159.3938,1.8573724947596197,EJU78CP_1097
76663.69123175857,197.1008,-26505.909607068676,72113.96061342428,2756.7716935656663,52.06216297475376,4.942734059576469,9045.0,0.618519,396.2121,3000.0,159.3503,1.8376870063033637,EJU78CP_1097
76573.72701647443,246.376,-22989.906949191103,62784.36394094324,3507.725729711753,51.97841761097779,4.994792031286406,11508.0,0.646104,410.1275,3000.0,159.3389,1.8173972481009915,EJU78CP_1097
76484.79257764162,295.6512,-19348.125574511076,53126.83318958776,4258.679754074582,51.89170460482884,5.04850714424217,13972.0,0.675229,424.6544,3000.0,159.3001,1.796491909884471,EJU78CP_1097
76396.91720630958,344.9264,-15570.23734988093,43128.90245331343,5009.633763771434,51.801909775020185,5.1040102292292175,16436.0,0.705982,439.815,3000.0,159.2717,1.7749871179307088,EJU78CP_1097
76310.12956886545,394.2017,-11652.048056927479,32775.20120831956,5760.587754691101,51.7088923466171,5.161340942555542,18900.0,0.738455,455.631,3000.0,159.2452,1.7528889173168059,EJU78CP_1097
76224.45770922322,443.4769,-7587.759008625883,22050.393527530265,6511.54172068052,51.61251169269883,5.2205604385478095,21363.0,0.772743,472.1229,3000.0,159.2403,1.730214372160758,EJU78CP_1097
76139.91970709772,492.7521,-3375.19687468973,10937.227848515224,7262.495652785509,51.51260969886927,5.2816755033378575,23827.0,0.808945,489.3097,3000.0,159.2499,1.7069462960710342,EJU78CP_1097
76056.21340869185,542.0273,988.9252361095182,-581.6264168003971,8013.449555733018,51.40902738410651,5.3447072604090184,26291.0,0.82,490.9465,2957.0,159.2511,1.6708414337431874,EJU78CP_1097
75973.76822214983,591.3025,5367.5643006497,-12139.502213399284,8753.518178244776,51.30506026787651,5.407661884632421,28719.0,0.819999,485.9182,2365.0,159.2578,1.529883195727839,EJU78CP_1097
75897.82426444456,640.5777,9706.790080778736,-23597.41865089187,9345.573378566738,51.201959190170136,5.469768940805649,30661.0,0.816122,479.5797,1774.0,159.2712,1.3768214709552782,EJU78CP_1097
75829.1692276495,689.8529,13993.15513808474,-34923.71569013311,9789.615055067457,51.10001036722988,5.530846715128208,32118.0,0.809139,472.4493,1183.0,159.2622,1.2122238558446166,EJU78CP_1097
75768.59106900157,739.1281,18223.460260530002,-46096.59616675003,10085.64319400813,50.99941135972789,5.590862383660328,33089.0,0.801433,465.9404,591.0,159.2557,1.0363401415635458,EJU78CP_1097
75716.7346058192,788.4033,22402.136483956798,-57129.34887787479,10233.657829239166,50.90004395182647,5.649890847200136,33575.0,0.79248,459.7382,0.0,159.2406,0.8498904143783294,EJU78CP_1097
75674.21593543427,837.6785,26532.85894746902,-68026.79644773646,10233.659134831305,50.80186593848433,5.70799543047341,33575.0,0.792418,459.702,0.0,159.2489,0.8495208467152976,EJU78CP_1097
75631.71891742964,886.9537,30661.672761433038,-78923.98746715105,10233.659417482322,50.70366159963822,5.765829259664594,33575.0,0.79238,459.6801,0.0,159.2188,0.849163178952476,EJU78CP_1097
75589.24211960562,936.2289,34796.008131371746,-89818.49070184832,10233.659691363107,50.60545261181121,5.8234998230075306,33575.0,0.792378,459.6791,0.0,159.2158,0.8488228469708735,EJU78CP_1097
75546.78355098682,985.5041,38930.903217076266,-100712.75288446338,10233.659957047083,50.50721740726336,5.8809380782062926,33575.0,0.792376,459.678,0.0,159.2129,0.8484827354284937,EJU78CP_1097
70705.34567175177,0.0,34846.734964877076,101865.6597274736,30.48000030375494,52.32130050569901,4.779960154006318,100.0,0.3,198.3755,2500.0,199.6676,1.9500329299586923,VLG139G_110
70609.42226380596,49.0976,33179.268832592556,97200.29440628775,654.0190853243571,52.27944780905207,4.754967457987308,2146.0,0.435456,285.9126,3000.0,199.4321,1.8609811193937371,VLG139G_110
70518.22452092708,98.1951,30799.89534365555,90455.76381387941,1402.26598736271,52.218932014140066,4.719378040446287,4601.0,0.572387,372.5857,3000.0,199.4269,1.8182455827853028,VLG139G_110
70429.5922747812,147.2927,27693.41936943843,81647.6250783079,2150.512889401207,52.13988423660679,4.673058493101927,7055.0,0.597315,385.4086,3000.0,199.4388,1.7981625483753279,VLG139G_110
70341.97824858519,196.3903,24477.72279689344,72535.84130819078,2898.759791439559,52.05809250057934,4.625283696050311,9510.0,0.623621,398.7974,3000.0,199.458,1.777522769154507,VLG139G_110
70255.40906244688,245.4878,21146.777083813504,63107.55726521428,3647.0066934777356,51.973439587793635,4.575981407815927,11965.0,0.651387,412.775,3000.0,199.4353,1.7563402195962479,VLG139G_110
70169.91093327926,294.5854,17702.59710542257,53346.47953665422,4395.253595515698,51.88577691144652,4.525197986069723,14420.0,0.680698,427.3638,3000.0,199.4249,1.7346168745461374,VLG139G_110
70085.50973883817,343.683,14138.210963438572,43238.89840232847,5143.500497553395,51.7949793526541,4.472850073091607,16875.0,0.711642,442.5859,3000.0,199.3869,1.7123529868393612,VLG139G_110
70002.23107540957,392.7805,10453.54694077339,32768.0968074313,5891.747399590746,51.70089439216865,4.418956174405599,19330.0,0.74431,458.4622,3000.0,199.365,1.6895469653076407,VLG139G_110
69920.10030100212,441.8781,6640.63389079832,21919.58903652312,6639.994301627637,51.60338962294252,4.363421637355548,21785.0,0.778797,475.0131,3000.0,199.3434,1.6661963501200359,VLG139G_110
69839.12819348481,490.9757,2694.1287093053024,10677.441110897786,7388.241203663898,51.50231933444225,4.3061918757305016,24240.0,0.815201,492.2569,3000.0,199.3284,1.6422976158852725,VLG139G_110
69758.92883262981,540.0732,-1392.7361379442905,-974.2625454489262,8136.488105699699,51.397537748196896,4.247193729656143,26695.0,0.82,490.1143,2811.0,199.2869,1.575271299522604,VLG139G_110
69681.62507082018,589.1708,-5455.1601076418265,-12583.215310371485,8837.627319038325,51.293111314953684,4.188816493184442,28995.0,0.819485,485.0393,2222.0,199.2464,1.4296094319470645,VLG139G_110
69611.09987780725,638.2683,-9473.551363389557,-24092.469530326798,9391.8181053334,51.189553344068635,4.131333369727917,30813.0,0.813322,477.6185,1633.0,199.1976,1.274276191637422,VLG139G_110
69548.08131022668,687.3659,-13426.560589556235,-35445.506563224204,9799.060464583052,51.0873737754411,4.075038222819919,32149.0,0.806529,470.8606,1044.0,199.1325,1.1112386455475596,VLG139G_110
69493.02560507912,736.4635,-17316.241392277578,-46657.65171692697,10059.354396787394,50.98643628448975,4.019889170824458,33003.0,0.798574,464.4561,454.0,199.0935,0.9403149464119204,VLG139G_110
69446.38468090488,785.561,-21150.29662541092,-57733.790886466784,10172.699901948645,50.886698124456856,3.965764430462629,33375.0,0.791233,459.4251,-0.0,199.0616,0.8030002580799557,VLG139G_110
69406.54890487061,834.6586,-24940.036790962193,-68701.65060242331,10172.69990146235,50.78791074434751,3.912493904686225,33375.0,0.791211,459.4123,-0.0,199.0191,0.8026928196585333,VLG139G_110
69366.72968648943,883.7562,-28721.5361685364,-79672.01231093517,10172.699900975758,50.68907712396916,3.8595652057846372,33375.0,0.791183,459.3959,-0.0,198.984,0.8023818083557835,VLG139G_110
69326.92734750276,932.8537,-32496.17621514812,-90644.29571875159,10172.699900488893,50.590202749383195,3.8069563691294235,33375.0,0.791189,459.3993,-0.0,198.9775,0.8020920085588631,VLG139G_110
69287.14004753566,981.9513,-36269.59955490212,-101617.08922937144,10172.6999000018,50.49130027661859,3.754585279998097,33375.0,0.791195,459.4027,-0.0,198.971,0.8018024766102578,VLG139G_110
65944.45744955905,0.0,27986.14378858142,90591.75871011191,30.480000303836842,52.32860183626419,4.708839891862308,100.0,0.3,198.3755,2500.0,197.7995,1.8875729347026822,VLG49VA_328
65862.27874096938,43.4662,26644.80692829539,86413.84763474119,582.500455560254,52.29109613057042,4.688770697441236,1911.0,0.441626,290.2009,3000.0,197.6861,1.8018018267295155,VLG49VA_328
65784.17320802547,86.9324,24691.105686863943,80286.94314621195,1244.9250018687706,52.23608729755517,4.659596920834804,4084.0,0.567313,369.9592,3000.0,197.6491,1.7777948476700447,VLG49VA_328
65707.4647911602,130.3985,22200.654167151522,72459.3272281644,1907.3495481775235,52.16579841170493,4.622511606397446,6258.0,0.589066,381.1804,3000.0,197.6845,1.7596460165457457,VLG49VA_328
65631.56783593589,173.8647,19629.359422424917,64394.868248503706,2569.7740944861607,52.0933708435849,4.584346174031439,8431.0,0.61188,392.8395,3000.0,197.6575,1.7411209521918647,VLG49VA_328
65556.4990698074,217.3309,16983.040305403243,56081.54535552147,3232.198640794664,52.018695221699055,4.545195661084925,10604.0,0.635809,404.9521,3000.0,197.62,1.722208707642897,VLG49VA_328
65482.27510510408,260.7971,14260.443496009771,47509.22893526762,3894.623187103008,51.941679455177315,4.505052041290671,12778.0,0.660912,417.5341,3000.0,197.6333,1.7028953589427758,VLG49VA_328
65408.91249180869,304.2632,11450.949767821961,38670.402253082764,4557.047733411167,51.862255099580594,4.463771649077732,14951.0,0.687248,430.6009,3000.0,197.5963,1.6832033285778303,VLG49VA_328
65336.427768607224,347.7294,8559.180692785525,29552.3495232615,5219.472279719106,51.78030648155144,4.4214338130135715,17124.0,0.714879,444.1676,3000.0,197.5785,1.6631160631042516,VLG49VA_328
65264.83750922657,391.1956,5579.015666154265,20145.420055215367,5881.896826026768,51.69574567353709,4.377962238797721,19298.0,0.743868,458.2489,3000.0,197.5729,1.6426141693936778,VLG49VA_328
65194.15836044628,434.6618,2505.122161813135,10439.375953791916,6544.3213723340905,51.608479309427494,4.333293292065538,21471.0,0.774283,472.8586,3000.0,197.4982,1.6217188599016372,VLG49VA_328
65124.40346184231,478.1279,-653.8716209774702,419.2491915666798,7206.745918640967,51.518371349677444,4.287566349607909,23644.0,0.80619,488.0096,3000.0,197.5225,1.6004092817275521,VLG49VA_328
65055.42048079073,521.5941,-3918.593009094897,-9920.982615466195,7869.170464947427,51.42536611360061,4.240498918103528,25817.0,0.82,491.9209,3000.0,197.5001,1.5707430837767664,VLG49VA_328
64987.35911937577,565.0603,-7205.2375822408,-20344.82149669023,8531.595011253385,51.33158994181374,4.193308853179363,27991.0,0.82,487.4318,2738.0,197.3662,1.4917640055273307,VLG49VA_328
64922.50522644023,608.5265,-10439.686886889333,-30687.32404453674,9136.223163874029,51.2385273280937,4.147058768313072,29974.0,0.816971,481.5129,2217.0,197.3389,1.3618858949398551,VLG49VA_328
64863.11684362084,651.9927,-13634.02467857572,-40918.664407684024,9625.679048059532,51.14644723115356,4.101566187372839,31580.0,0.811843,475.1515,1695.0,197.313,1.226770336890019,VLG49VA_328
64809.50474573969,695.4588,-16785.370797848947,-51028.41067612268,9999.962663807692,51.055444345421186,4.056864147457356,32808.0,0.806044,469.2071,1173.0,197.2528,1.0872831501547733,VLG49VA_328
64761.910029318125,738.925,-19890.313186685686,-61026.24570563811,10259.074011118166,50.965432531387854,4.012993891832339,33658.0,0.799283,463.5122,652.0,197.228,0.9436266719301676,VLG49VA_328
64720.574003043366,782.3912,-22956.496122133165,-70914.3857885195,10403.013089991535,50.87639240670894,3.969838747273986,34131.0,0.790941,457.7044,130.0,197.2585,0.7950247098606595,VLG49VA_328
64685.736972070554,825.8574,-25992.31652007101,-80686.19894748376,10431.779900430505,50.78838394867932,3.927271780156002,34225.0,0.788606,456.1596,-0.0,197.1753,0.7567004129809455,VLG49VA_328
64652.58034841952,869.3235,-29004.399878308246,-90431.52327725312,10431.779900001802,50.700599474996736,3.8851996989606583,34225.0,0.78627,454.8088,-130.0,197.0921,0.7190264943199001,VLG49VA_328
