mass,ts,x,y,h,latitude,longitude,altitude,mach,tas,vertical_rate,heading,fuelflow,fid,num,cost_grid
62399.99990000597,0.0,9878.779421895846,78833.15637848261,30.480000303969295,52.316619999102606,4.746299998545655,100.0,0.3,198.3755,3000.0,187.37,1.9465227284550395,id4,0.0,0.18511500383201696
62353.01916329706,24.1173,9567.185758967818,76424.14241621448,398.02709358663765,52.29496076615575,4.741647413503396,1306.0,0.375427,247.2199,3289.0,187.3867,1.876754418726979,id4,0.0,0.08876578187875699
62307.768036709225,48.2345,9177.115400328425,73415.31010262313,801.0311121285107,52.26790837754737,4.735829645033808,2628.0,0.458243,300.3668,3579.0,187.3934,1.852953826868835,id4,0.0,0.06149837760298958
62263.16504635768,72.3518,8702.067632043163,69754.34954288784,1239.4920559293303,52.23499233068502,4.728754133620037,4067.0,0.542302,353.6712,3868.0,187.3978,1.8691896435773943,id4,0.0,0.047472294220846326
62218.24338900239,96.4691,8141.910928992165,65440.09752526065,1713.4099249884966,52.19620194077718,4.720424514554278,5621.0,0.58259,377.8506,4000.0,187.3859,1.876557185623484,id4,0.0,0.040620305931569026
62173.17388528975,120.5863,7544.275398731067,60829.66792079117,2203.472716031493,52.15474789271628,4.711553425033148,7229.0,0.59913,386.3373,4000.0,187.3529,1.8634449277904752,id4,0.0,0.03672880399484223
62128.42805552305,144.7036,6935.804307264995,56114.38098418808,2693.535507074428,52.1123503128727,4.702538017764335,8837.0,0.616264,395.0676,4000.0,187.3116,1.8500164740698195,id4,0.0,0.036076780833158406
62084.01356014955,168.8208,6316.939941994996,51291.1641512273,3183.5982981172947,52.0689815295187,4.693385679860177,10445.0,0.634014,404.0477,4000.0,187.2787,1.8362734820185764,id4,0.0,0.035994094163481746
62039.93799981028,192.9381,5686.726750690159,46357.04586510474,3673.661089160085,52.024614795251935,4.684083381121825,12053.0,0.652404,413.2841,4000.0,187.2595,1.8222175041236586,id4,0.0,0.0358174216132015
61996.20891880059,217.0554,5043.685394897575,41309.04166540413,4163.72388020279,51.97922324657341,4.674610535441448,13661.0,0.671458,422.783,4000.0,187.2464,1.807849780789004,id4,0.0,0.035667679538534613
61952.83380903153,241.1726,4386.944222871112,36144.010978261955,4653.786671245404,51.93277860376693,4.664955544876763,15268.0,0.691201,432.5506,4000.0,187.2298,1.7931826756980849,id4,0.0,0.035243219536772945
61909.82011425322,265.2899,3716.456234911709,30858.63178388682,5143.8494622879125,51.88525094502336,4.655118920276121,16876.0,0.711657,442.5931,4000.0,187.2097,1.7781946712006653,id4,0.0,0.03436690498339509
61867.17523425807,289.4072,3032.1976861215276,25449.504664572927,5633.9122533303,51.83660965144827,4.645101558632839,18484.0,0.732852,452.9163,4000.0,187.189,1.7628972331784596,id4,0.0,0.03212259838494404
61824.906528732674,313.5244,2333.8803156473427,19913.191327026023,6123.975044372549,51.78682375486387,4.6349005592526,20092.0,0.754814,463.5259,4000.0,187.1669,1.747290655755077,id4,0.0,0.024856265696636244
61783.02132037498,337.6417,1621.2990022233328,14246.173148866666,6614.037835414636,51.735861562328346,4.624514294819569,21700.0,0.777569,474.4274,4000.0,187.146,1.7313750725340018,id4,0.0,0.0
61741.524862922866,361.7589,893.980069401913,8444.89856505298,7104.1006264560565,51.68369108335606,4.613937305474323,23307.0,0.799451,484.5987,4000.0,187.1429,1.714709830145026,id4,0.0,0.0
61700.39853708742,385.8762,151.31104124878127,2518.6139173963093,7594.163417497635,51.63039541865406,4.603162208751806,24915.0,0.815871,491.2861,3793.0,187.1718,1.6676032373245875,id4,0.0,0.0
61660.2869562016,409.9935,-605.0465987465661,-3492.3594423919276,8058.821751855843,51.57633711752766,4.592214591732096,26440.0,0.82,490.6399,3503.0,187.2126,1.6036698681732264,id4,0.0,0.0
61621.61547484202,434.1107,-1365.1629139649353,-9498.649860479245,8488.023160957262,51.522319902224375,4.581238735974152,27848.0,0.82,487.7284,3214.0,187.22,1.5370892844301953,id4,0.0,0.0
61584.4878959856,458.228,-2121.97508960533,-15472.68585302097,8881.767644800535,51.46859174883683,4.570336391243921,29140.0,0.82,485.0421,2924.0,187.1857,1.4689779796015934,id4,0.0,0.0
61548.93376452387,482.3453,-2871.4879600958025,-21417.636331712598,9240.055203385231,51.41512419662771,4.559564706890048,30315.0,0.81895,481.967,2635.0,187.1618,1.3996110865162645,id4,0.0,0.0
61515.00367622789,506.4625,-3614.1955164967303,-27328.422644522572,9562.88583671115,51.36196294892985,4.548915854544655,31374.0,0.81656,478.3446,2346.0,187.1878,1.328873369338749,id4,0.0,0.0
61482.755808977156,530.5798,-4354.367903304869,-33197.506440694124,9850.259544778193,51.30917579745597,4.538327649913694,32317.0,0.814004,474.8722,2056.0,187.2449,1.2569023631624043,id4,0.0,0.0
61452.22177014211,554.6971,-5095.34419944504,-39026.16481947965,10102.176327586316,51.256751240619,4.527751643120322,33144.0,0.811252,471.5349,1767.0,187.2775,1.1841067130101988,id4,0.0,0.0
61423.43398580818,578.8143,-5834.75072708956,-44816.20597045992,10318.636185135518,51.204673042114656,4.517221625647312,33854.0,0.808299,468.3306,1477.0,187.2892,1.110060920475838,id4,0.0,0.0
61396.42528862011,602.9316,-6570.648190509704,-50569.3693520753,10499.63911742583,51.152925590888756,4.506765023729166,34448.0,0.805117,465.2439,1188.0,187.2602,1.0351702926159736,id4,0.0,0.0
61371.229125397054,627.0488,-7299.119459615968,-56287.50584491873,10645.18512445733,51.10149230904329,4.4964374858552985,34925.0,0.801676,462.2577,899.0,187.2289,0.9591998639369527,id4,0.0,0.0
61347.878897183684,651.1661,-8020.131780231632,-61971.87358349002,10755.274206230153,51.05036191403807,4.4862388507588005,35286.0,0.797842,459.2947,609.0,187.3327,0.8818287705174207,id4,0.0,0.0
61326.40929147368,675.2834,-8747.094475712433,-67621.12081948106,10829.906362744556,50.99954638795042,4.475976823769584,35531.0,0.793484,456.2784,320.0,187.3416,0.8034915266234756,id4,0.0,0.0
61306.85527113434,699.4006,-9470.480872032822,-73235.66039158018,10869.081594001082,50.94904215720511,4.465787387351057,35660.0,0.788496,453.1449,30.0,187.3707,0.723644325637725,id4,0.0,0.0
61289.25051674387,723.5179,-10191.977899403753,-78813.2335270688,10872.799900001393,50.898869521906036,4.4556459671098585,35672.0,0.783508,450.2533,-259.0,187.3997,0.6433137783602854,id4,0.0,0.0
62399.99990000144,0.0,9878.779421791027,78833.15637846875,30.480000304651966,52.316619999102485,4.746299998544113,100.0,0.3,198.3755,3000.0,187.37,1.94652272845498,id3,1.001,0.18511500383199972
62352.912060017974,24.1722,9566.47761126385,76418.66660966525,398.8643311190697,52.2949115334498,4.74163684489692,1309.0,0.3756,247.3312,3290.0,181.1578,1.8767214513622348,id3,1.001,0.08868438865542246
62307.5603588361,48.3444,9505.003015483559,73377.00119313363,802.8673062213079,52.2675583034314,4.740646928777519,2634.0,0.458617,300.6057,3580.0,179.0434,1.8529037236337562,id3,1.001,0.061842162768291686
62262.85622584123,72.5166,9566.82795740716,69674.51665004929,1242.4889256113063,52.23426006507355,4.741450273574302,4076.0,0.542855,354.0191,3870.0,178.1125,1.869406425420015,id3,1.001,0.04780891369375202
62217.828066665985,96.6888,9710.58811930285,65312.230959547225,1717.7291892889218,52.19502666656862,4.743435722042243,5636.0,0.582734,377.9243,4000.0,178.3799,1.8764352102870396,id3,1.001,0.04018165661349004
62172.65915156906,120.861,9842.347643349385,60653.613844153144,2208.9082970413715,52.15312848310197,4.745233199692827,7247.0,0.599317,386.4328,4000.0,179.5737,1.863295981440211,id3,1.001,0.03474436793114781
62127.815480457175,145.0332,9877.810415857915,55887.37559930171,2700.0874047938073,52.11026414155015,4.745614092272438,8859.0,0.616497,395.186,4000.0,180.9678,1.8498296657311584,id3,1.001,0.033433736246105315
62083.30476562472,169.2054,9795.464796261831,51012.79669905772,3191.2665125462267,52.066427564211395,4.744267738759468,10470.0,0.634297,404.1902,4000.0,182.3931,1.8360574256814848,id3,1.001,0.03276538363464433
62039.13465900826,193.3776,9587.217173814888,46029.8746864728,3682.4456202986303,52.02161880890316,4.74108101813276,12082.0,0.65274,413.452,4000.0,183.8643,1.8219606430416946,id3,1.001,0.03208707930493865
61995.312755691295,217.5498,9243.347123265703,40939.03448105871,4173.624728051011,51.97584170912961,4.7359177524300335,13693.0,0.67185,422.9776,4000.0,185.3364,1.8075614634718151,id3,1.001,0.031516095292068405
61951.84659791259,241.722,8757.791694446925,35740.80356311219,4664.803835803369,51.92910084418454,4.728695906059247,15304.0,0.691653,432.7734,4000.0,186.753,1.7928506903965833,id3,1.001,0.03093619859523451
61908.743679335676,265.8942,8129.558057337398,30435.26573621286,5155.982943555702,51.88139660363537,4.719407891958582,16916.0,0.712172,442.8453,4000.0,188.0098,1.7778172992914865,id3,1.001,0.030360875261397652
61866.01144929174,290.0664,7367.669911301218,25020.859441210243,5647.162051308003,51.83271433590275,4.708192148942243,18527.0,0.733436,453.1994,4000.0,189.0273,1.7624849221673298,id3,1.001,0.029439067864207757
61823.657316657744,314.2386,6489.571992763737,19493.811481731307,6138.341159060278,51.783019353648584,4.6953091567629555,20139.0,0.75547,463.8413,4000.0,189.5429,1.7468300345256054,id3,1.001,0.022497218009467534
61781.68865297996,338.4108,5539.864576632944,13844.556193708324,6629.520266812489,51.73222464129251,4.681412740111144,21750.0,0.778302,474.7766,4000.0,189.5792,1.7308772446887344,id3,1.001,0.0
61740.11044262182,362.583,4563.979453026391,8062.026146739748,7120.699374564503,51.680229935267604,4.667166103241137,23362.0,0.800059,484.8594,4000.0,189.5956,1.714093468726157,id3,1.001,0.0
61698.90338059539,386.7552,3565.578970562906,2156.3959520551834,7611.878482316559,51.627126576780896,4.652624713130163,24973.0,0.816334,491.4464,3782.0,189.6122,1.6653292406722862,id3,1.001,0.0
61658.74781797365,410.9274,2551.3098805709733,-3832.587205356065,8076.322628591917,51.573271873083314,4.63788699950181,26497.0,0.82,490.5215,3492.0,189.6305,1.601143598578104,id3,1.001,0.0
61620.047650992856,435.0996,1536.4071600590376,-9813.710308236668,8505.148130580093,51.519486050376905,4.623174979245906,27904.0,0.82,487.6119,3202.0,189.6441,1.534293193439867,id3,1.001,0.0
61582.89964111726,459.2718,525.513897389306,-15762.590712654863,8898.354988280726,51.46598835863493,4.608555620566697,29194.0,0.82,484.9286,2912.0,189.6588,1.466088588774321,id3,1.001,0.0
61547.333373527224,483.444,-481.8965959462087,-21681.839277403087,9255.943201693708,51.41275531766667,4.594022366207375,30367.0,0.818661,481.6876,2622.0,189.666,1.396379821118704,id3,1.001,0.0
61513.4062196824,507.6162,-1483.8593932131218,-27564.602200913992,9577.912770818984,51.359848593815684,4.579600043672842,31424.0,0.816234,478.0504,2332.0,189.6677,1.3253495125714618,id3,1.001,0.0
61481.170887724445,531.7884,-2478.9523542530637,-33405.96153697679,9864.263695656535,51.30731248255642,4.56530956271758,32363.0,0.813664,474.5775,2042.0,189.666,1.2533052159560032,id3,1.001,0.0
61450.65867763627,555.9606,-3467.1417183758213,-39207.8204518939,10114.99597620634,51.25512991172038,4.551150603600339,33186.0,0.81088,471.2305,1752.0,189.6587,1.1802142281338002,id3,1.001,0.0
61421.902637011364,580.1328,-4448.095496315384,-44971.64100451452,10330.109612468414,51.20328777817943,4.537127151350531,33891.0,0.80791,468.0265,1462.0,189.6523,1.1060942806628244,id3,1.001,0.0
61394.935485248076,604.305,-5422.181198845478,-50698.992008563924,10509.604604442748,51.15177201376838,4.523233168864611,34480.0,0.804696,464.9323,1172.0,189.6418,1.0308868937609075,id3,1.001,0.0
61369.79120891883,628.4772,-6389.218201604354,-56391.174123105106,10653.480952129374,51.10057096500802,4.5094705148298315,34952.0,0.801144,461.8946,882.0,189.6345,0.9545513316234792,id3,1.001,0.0
61346.505092241954,652.6494,-7349.647951420735,-62048.832492606314,10761.738655528325,51.04967886623249,4.495832147486729,35308.0,0.797238,458.9029,592.0,189.627,0.8770551264750707,id3,1.001,0.0
61325.11106001837,676.8216,-8303.561051412593,-67672.60189834509,10834.377714639659,50.99909004661845,4.48231608216344,35546.0,0.792799,455.8539,301.0,189.6218,0.7980830922145876,id3,1.001,0.0
61305.64426650303,700.9938,-9251.053821983633,-73261.58114360592,10871.398129463527,50.948812647512185,4.468920234192049,35667.0,0.787663,452.6504,11.0,189.6194,0.7180687337151387,id3,1.001,0.0
61288.139767346096,725.166,-10191.977899300879,-78813.23352705652,10872.799900000364,50.89886952190614,4.455645967111326,35672.0,0.782527,449.6895,-279.0,189.617,0.6372860610261498,id3,1.001,0.0
62399.99990001378,0.0,9878.779421822519,78833.15637847867,30.48000030402067,52.31661999910257,4.746299998544576,100.0,0.3,198.3755,2949.0,187.37,1.936673937952072,id2,1.005,0.1851150038322633
62352.84875158858,24.327,9564.35523767753,76402.25921284842,394.9463712829366,52.294764015359675,4.741605170218865,1296.0,0.377839,248.817,3241.0,181.5708,1.8645056221860843,id2,1.005,0.08886012488029266
62307.506426701555,48.6539,9479.88916961682,73322.1184062598,795.4889307676187,52.267065164085146,4.740276333058115,2610.0,0.461267,302.3688,3533.0,173.4055,1.8438785551694696,id2,1.005,0.061812825954984066
62262.74037658084,72.9809,9910.501898779248,69597.33013631408,1232.107678757527,52.2335598474101,4.746494534054882,4042.0,0.547362,357.0018,3825.0,168.1431,1.8638415743966699,id2,1.005,0.047933624642173184
62217.56683698226,97.3078,10820.868738722711,65261.175538410665,1704.80261525119,52.1945468853292,4.759723156829362,5593.0,0.582305,377.7036,4000.0,168.1751,1.8767681504484477,id2,1.005,0.03994893972870574
62172.10177696767,121.6348,11781.432652263245,60673.18573370312,2199.1264109152407,52.15326659233167,4.773655721806052,7215.0,0.598981,386.261,4000.0,173.2905,1.863545669799178,id2,1.005,0.033180022943547834
62126.9660106815,145.9617,12341.61781604889,55911.379631681644,2693.45020657927,52.11043058277882,4.781693189601346,8837.0,0.616261,395.066,4000.0,174.831,1.8500013934694128,id2,1.005,0.03131299623775149
62082.16740069191,170.2887,12783.517128515476,51026.43464936547,3187.7740022431076,52.06648936446287,4.787980262742943,10459.0,0.634168,404.1253,4000.0,174.8642,1.836137124400059,id2,1.005,0.030487814196549883
62037.713747473244,194.6157,13232.737990418407,46028.28977204579,3682.097797906743,52.021529615589614,4.794357683101561,12080.0,0.652727,413.4454,4000.0,176.4914,1.8219650395156057,id2,1.005,0.02931727170219699
61993.612793005654,218.9426,13546.98491769794,40902.990455902276,4176.421593570171,51.97542931204773,4.798746791671094,13702.0,0.671961,423.0327,4000.0,179.3509,1.8074655073058958,id2,1.005,0.028081262274735518
61949.872224899984,243.2696,13606.513034106882,35648.45940706666,4670.745389233376,51.92817293155637,4.799406958206411,15324.0,0.691896,432.8935,4000.0,182.7579,1.792649820288895,id2,1.005,0.02694608893233585
61906.49968079384,267.5965,13347.73244492971,30276.485910672087,5165.069184896328,51.87986808278916,4.795423958072981,16946.0,0.712559,443.0342,4000.0,186.2715,1.7775188222955716,id2,1.005,0.0262841753714813
61863.50275271753,291.9235,12746.367647569412,24804.426196243876,5659.392980558954,51.83067093534473,4.786460382245761,18568.0,0.733975,453.4608,4000.0,189.9803,1.7620730170671337,id2,1.005,0.025805105458591073
61820.88899107714,316.2505,11769.712607460533,19254.35468474375,6153.716776221946,51.78077956074514,4.772058375376677,20189.0,0.756173,464.1792,4000.0,192.5453,1.7463251358023881,id2,1.005,0.01951944139987532
61778.66590784536,340.5774,10516.54997156498,13622.795170726358,6648.040571881165,51.730158851736,4.75367081357974,21811.0,0.779178,475.1948,4000.0,192.6303,1.730250727596071,id2,1.005,0.0
61736.838185744826,364.9044,9224.945887381413,7858.791397651866,7142.364367537892,51.67834480404088,4.734763377589099,23433.0,0.800869,485.209,4000.0,192.6496,1.7132869743946568,id2,1.005,0.0
61695.38530085451,389.2313,7904.00423939161,1973.1933376438594,7636.688163195359,51.62543460084233,4.715471426949817,25055.0,0.81701,491.6871,3766.0,192.6615,1.6620331893377591,id2,1.005,0.0
61655.04659069988,413.5583,6563.374942270681,-3994.334383927331,8102.076966289957,51.57178464802914,4.695937985706351,26582.0,0.82,490.3472,3474.0,192.6632,1.5971074417743936,id2,1.005,0.0
61616.19547792306,437.8852,5225.3871128575,-9949.27522990709,8531.389580887797,51.518244649497966,4.676488940421082,27990.0,0.82,487.4332,3182.0,192.653,1.5297121366133222,id2,1.005,0.0
61578.918610863955,462.2122,3895.628881499168,-15872.551729870558,8924.626006983832,51.464986160767005,4.657204760517446,29280.0,0.82,484.7488,2890.0,192.6449,1.4609494179111489,id2,1.005,0.0
61543.245879988695,486.5392,2573.2644044912017,-21766.76055110299,9281.786244576471,51.411985893018816,4.638072423613705,30452.0,0.82,482.2976,2598.0,192.636,1.3910021433602175,id2,1.005,0.0
61509.203997579294,510.8661,1257.7728503054377,-27634.609972848026,9602.870293664995,51.359219552513224,4.619083535025147,31505.0,0.818087,478.9636,2306.0,192.6251,1.3195330696740277,id2,1.005,0.0
61476.86558094148,535.1931,-48.20451733874119,-33465.207154597156,9887.878154249065,51.306785158398704,4.600277824951747,32441.0,0.815506,475.489,2014.0,192.6123,1.2468915632720607,id2,1.005,0.0
61446.2751539298,559.52,-1344.0621747419623,-39256.7059465736,10136.809826328557,51.25469933604707,4.581658255959897,33257.0,0.812765,472.1753,1722.0,192.6087,1.1732526581805076,id2,1.005,0.0
61417.465098767345,583.847,-2631.1406369911056,-45010.68338677393,10349.665309903527,51.202948037571765,4.563206615648743,33956.0,0.809826,469.0015,1430.0,192.6111,1.0985626061231035,id2,1.005,0.0
61390.468948438356,608.174,-3910.395413326605,-50728.54596866157,10526.444604974211,51.151518678770486,4.544908220527224,34536.0,0.806651,465.9457,1139.0,192.6119,1.0230524019772678,id2,1.005,0.0
61365.32101997821,632.5009,-5181.958064183476,-56411.668395512526,10667.147711541083,51.10039895949909,4.526760280100401,34997.0,0.803198,462.9846,847.0,192.6127,0.9462301328058167,id2,1.005,0.0
61342.05562456551,656.8279,-6446.103723148517,-62061.22659093991,10771.77462960507,51.04957836373717,4.508757985504064,35340.0,0.799378,460.0658,555.0,192.6108,0.8682756639374932,id2,1.005,0.0
61320.70718318472,681.1548,-7702.679129126884,-67677.86037827395,10840.325359168144,50.99905119937137,4.490902682508903,35565.0,0.795094,457.1328,263.0,192.602,0.7891613331402275,id2,1.005,0.0
61301.30934717984,705.4818,-8950.936975640885,-73261.33386594482,10872.799900236443,50.948819659711326,4.473204184349545,35672.0,0.790733,454.4053,-0.0,192.6004,0.716825346090571,id2,1.005,0.0
61283.6967698256,729.8087,-10191.97789952459,-78813.23352710801,10872.799900004988,50.89886952190568,4.455645967108137,35672.0,0.786373,451.8994,-263.0,192.5989,0.6440689194743413,id2,1.005,0.0
62399.99990001078,0.0,9878.77942179186,78833.15637847269,30.480000304376258,52.316619999102514,4.746299998544124,100.0,0.3,198.3755,2905.0,187.37,1.9278964084304662,id1,1.011,0.18511500383215368
62352.547009069305,24.5951,9560.785962658716,76374.66419738226,393.39969269567064,52.29451590992194,4.7415519021448835,1291.0,0.380255,250.4122,3200.0,183.6606,1.8534646496708387,id1,1.011,0.088825704373417
62306.98110429582,49.1902,9360.55057781781,73244.8499703143,793.1951948537626,52.26637231257188,4.738520515233784,2602.0,0.464526,304.5127,3495.0,172.8228,1.8360241554884014,id1,1.011,0.0614873412928188
62261.920679115734,73.7852,9837.65079510546,69456.08225841423,1229.8665067786362,52.23229088106883,4.745420678661128,4035.0,0.55268,360.4792,3790.0,164.5937,1.859680359197651,id1,1.011,0.04761514609202004
62216.3592504734,98.3803,11039.520416179113,65094.58297785086,1703.413628469285,52.19304436119192,4.76292554488863,5589.0,0.582259,377.6799,4000.0,163.9806,1.8767867844996293,id1,1.011,0.03973455742561474
62170.394590840384,122.9754,12347.22032539473,60539.91933119672,2203.185692038754,52.15205576222987,4.781943830903144,7228.0,0.599121,386.3323,4000.0,166.0418,1.8634256851427633,id1,1.011,0.03267526038795074
62124.766635153836,147.5705,13516.681347662538,55834.84675078598,2702.9577556082795,52.10971487272599,4.79889697959737,8868.0,0.6166,395.2379,4000.0,164.8615,1.8497264170746615,id1,1.011,0.03138980824468075
62079.483508389385,172.1656,14812.248744606779,51046.04278211593,3202.729819177614,52.06661521169511,4.81765929747347,10508.0,0.63472,404.4034,4000.0,164.5675,1.8356999633662212,id1,1.011,0.030512055785281395
62034.553270469056,196.7607,16163.238862424358,46152.143911509724,3702.5018827467857,52.0225658549894,4.837190604533188,12147.0,0.653507,413.8358,4000.0,166.7425,1.8213586526354222,id1,1.011,0.028729705156767017
61989.983920057435,221.3557,17354.88949854349,41094.34749030842,4202.273946315864,51.97704434429046,4.854348929204225,13787.0,0.672986,423.5415,4000.0,171.6357,1.8066827877450973,id1,1.011,0.026772665259321298
61945.78339891065,245.9508,18128.63350846331,35831.887646598174,4702.046009884853,51.92969357158246,4.865366612597003,15427.0,0.693183,433.5273,4000.0,178.1968,1.7916838047359744,id1,1.011,0.025144269116540982
61901.95959650231,270.5459,18299.974362122324,30389.281637806303,5201.818073453728,51.88074181614383,4.867575216692743,17066.0,0.714125,443.7995,4000.0,185.3841,1.7763741857353903,id1,1.011,0.024182106296610006
61858.520354599226,295.141,17776.848959260726,24838.72414360205,5701.590137022394,51.83084175769645,4.859667245592218,18706.0,0.735839,454.3643,4000.0,192.0495,1.7607313134323495,id1,1.011,0.02372124566205394
61815.473471401565,319.7361,16585.12606359267,19255.827599792217,6201.362200590688,51.7806705819254,4.84205641448119,20346.0,0.758354,465.2279,4000.0,195.2455,1.744766931351766,id1,1.011,0.014915530571293191
61772.82670474525,344.3311,15047.904906799109,13615.62865881951,6701.134264154805,51.72999083726482,4.819465643443943,21985.0,0.781699,476.3958,4000.0,195.3227,1.7284938237026544,id1,1.011,0.0
61730.58339117146,368.9262,13465.809920383068,7841.451399516744,7200.906327716351,51.678102940630694,4.796269521040839,23625.0,0.803026,486.1327,4000.0,195.3176,1.7111214218398796,id1,1.011,0.0
61688.71981136223,393.5213,11851.759282647825,1948.5776380974464,7700.678391278657,51.625143678086665,4.772659587525314,25265.0,0.818688,492.2672,3724.0,195.3137,1.6534068328481486,id1,1.011,0.0
61648.12695192465,418.1164,10216.597439044572,-4022.968472094435,8165.942596704776,51.571472539986026,4.748796970385978,26791.0,0.82,489.9148,3429.0,195.3069,1.587037342436685,id1,1.011,0.0
61609.08964414896,442.7115,8588.940097789055,-9969.850228646701,8594.33099237276,51.51801827163693,4.7250997227167515,28197.0,0.82,487.0046,3134.0,195.2951,1.5186756006656286,id1,1.011,0.0
61571.66675339052,467.3066,6971.213012053773,-15885.258374195451,8985.843578277516,51.464842171565095,4.701602069623604,29481.0,0.82,484.3295,2838.0,195.2954,1.4487951144654911,id1,1.011,0.0
61535.888541716595,491.9016,5361.407613911877,-21771.561455104522,9340.480354417443,51.411923055202806,4.678273867406739,30645.0,0.82,481.8936,2543.0,195.2867,1.377895839683284,id1,1.011,0.0
61501.78217224518,516.4967,3759.693720221166,-27631.766486270993,9658.241320791816,51.35923396048336,4.6551165122113956,31687.0,0.818809,479.004,2248.0,195.2773,1.3056619438263237,id1,1.011,0.0
61469.4038663893,541.0918,2167.7016889616407,-33460.19173918541,9939.126477400292,51.30682606375636,4.632152514162971,32609.0,0.816183,475.5296,1953.0,195.2643,1.2320609204973014,id1,1.011,0.0
61438.81888622386,565.6869,587.7720914159173,-39249.62516236227,10183.135824242741,51.25476432196059,4.609414392423778,33409.0,0.813388,472.2171,1658.0,195.2516,1.1574482209028034,id1,1.011,0.0
61410.06085815455,590.282,-980.6322401649827,-45001.847320551526,10390.269361319226,51.20303279352097,4.58689654838898,34089.0,0.810399,469.0527,1363.0,195.2619,1.081784019454777,id1,1.011,0.0
61383.16420637061,614.877,-2540.2719190990947,-50717.87565775351,10560.527088629979,51.1516224481979,4.5645517303816465,34647.0,0.807184,466.0186,1068.0,195.2491,1.0050670152433256,id1,1.011,0.0
61358.163806739874,639.4721,-4089.2588764901675,-56399.8445706728,10693.909006175496,51.100514221490364,4.54240890185948,35085.0,0.8037,463.09,772.0,195.2334,0.9270091685654799,id1,1.011,0.0
61335.094288671804,664.0672,-5627.684213312879,-62049.15945092645,10790.415113956717,51.04969557690905,4.520465639528947,35402.0,0.799852,460.2112,477.0,195.2389,0.8480753138737295,id1,1.011,0.0
61313.990197776926,688.6623,-7157.803723263507,-67665.87967945568,10850.045411975665,50.99916605346691,4.498688603771497,35597.0,0.795556,457.3324,182.0,195.2286,0.7680316255538068,id1,1.011,0.0
61294.88458265714,713.2574,-8677.996606449531,-73250.09201614889,10872.799900238608,50.948924977801155,4.477099945865759,35672.0,0.792638,455.4999,-0.0,195.2241,0.7178829844986105,id1,1.011,0.0
61277.032273523124,737.8524,-10191.977899476195,-78813.23352710696,10872.799900005002,50.898869521905695,4.455645967108827,35672.0,0.78972,453.8229,-182.0,195.2195,0.6678235936484168,id1,1.011,0.0
62399.99989979509,0.0,9878.779421802412,78833.15637847761,30.48000030412531,52.316619999102564,4.746299998544281,100.0,0.3,198.3755,2687.0,187.37,1.8804366725175432,id0,1.02,0.18511500383231355
62353.188690465315,24.8727,9556.67521436813,76342.88290663014,370.01127713633053,52.29423016585767,4.741490553830715,1214.0,0.380574,250.6891,2986.0,187.1241,1.8085041430345017,id0,1.02,0.09018519003130274
62308.23181150283,49.7454,9162.442785759116,73188.59479340226,747.2555942880856,52.26586972596781,4.735607854961193,2452.0,0.465001,304.9848,3284.0,173.848,1.7992617299444273,id0,1.02,0.06195193232414509
62263.582707507114,74.6182,9577.307657628597,69339.65035918831,1162.212951760022,52.23124836513531,4.741594644565547,3813.0,0.553695,361.4246,3583.0,163.0527,1.8327456164011917,id0,1.02,0.04784778124747275
62218.18696014375,99.4909,10915.390224761795,64948.54542263341,1614.8833495514905,52.19173348394054,4.761099777609596,5298.0,0.579335,376.1731,3881.0,161.8812,1.8638824960349745,id0,1.02,0.04005442294320561
62172.027785850056,124.3636,12400.257358490464,60410.63364889605,2105.266787659127,52.15089188600396,4.782716459303355,6907.0,0.595769,384.6173,4000.0,161.7352,1.8659961864274868,id0,1.02,0.03275664494575307
62125.82151276522,149.2363,13929.95684204314,55775.70294961418,2610.6804363883684,52.10917274021664,4.804946181297115,8565.0,0.613325,393.5742,4000.0,159.4888,1.8522093512753184,id0,1.02,0.03159923414120009
62079.96643792683,174.109,15680.332052720665,51096.90349730897,3116.094085116721,52.06704873711197,4.830360804030465,10223.0,0.631532,402.7957,4000.0,158.2517,1.8380880341142414,id0,1.02,0.030699527155502275
62034.47090825285,198.9817,17575.037158131843,46347.37044355952,3621.5077338442265,52.024278648033004,4.857833486865031,11882.0,0.650416,412.2888,4000.0,160.8858,1.8236233326388986,id0,1.02,0.028626069758991336
61989.34320559732,223.8545,19289.238839436894,41401.0227803043,4126.921382571179,51.979738540625256,4.88260719513178,13540.0,0.670004,422.0604,4000.0,170.0641,1.808837487249122,id0,1.02,0.026255998388597004
61944.591551252015,248.7272,20214.082039679775,36121.46797291268,4632.335031297562,51.932225949686945,4.895798551954419,15198.0,0.690322,432.1174,4000.0,175.8099,1.7937214471868148,id0,1.02,0.02448733266993715
61900.22411079587,273.5999,20615.110577593277,30647.59268574295,5137.748680023106,51.88298398457199,4.901318672683686,16856.0,0.711398,442.4664,4000.0,180.3442,1.7782760384492007,id0,1.02,0.023435089239568763
61856.248998945994,298.4726,20581.34489930561,25026.850952010045,5643.162328747188,51.8324371877451,4.9004904230358255,18514.0,0.73326,453.1139,4000.0,188.6999,1.762501836192906,id0,1.02,0.022759596714151478
61812.67428400442,323.3453,19710.555664808766,19336.168702371102,6148.575977469375,51.78129155834958,4.887492749602663,20172.0,0.755938,464.0662,4000.0,196.8084,1.7463991750782353,id0,1.02,0.018213938947827538
61769.507991427825,348.2181,18005.352311697858,13691.240879335475,6653.9896261900985,51.730583441773454,4.862411374129279,21831.0,0.77946,475.3292,4000.0,197.0503,1.7299553751299106,id0,1.02,0.0
61726.75508741128,373.0908,16234.147554674948,7916.015674885276,7159.403274908389,51.6787001046295,4.8364229434403265,23489.0,0.801586,485.5323,4000.0,197.0636,1.7125885660321287,id0,1.02,0.0
61684.3925980587,397.9635,14423.369331707489,2016.6717312347919,7664.816923625891,51.62569581542137,4.809915645610283,25147.0,0.817907,492.0386,3744.0,197.0128,1.6577070991475293,id0,1.02,0.0
61643.25008607713,422.8362,12592.423111632348,-3967.3180070817484,8137.863086775345,51.57192476372875,4.783175399106224,26699.0,0.82,490.105,3445.0,196.9601,1.5907995908685248,id0,1.02,0.0
61603.68261363238,447.7089,10773.0009030184,-9933.253054962099,8573.196209623393,51.51830978882712,4.756665499714162,28127.0,0.82,487.1483,3147.0,196.9092,1.521785079361667,id0,1.02,0.0
61565.764603258714,472.5817,8968.723308573251,-15868.388238365746,8970.816292160373,51.46496559998888,4.730437427202625,29432.0,0.819999,484.4318,2848.0,196.8741,1.4511971488473583,id0,1.02,0.0
61529.52752036106,497.4544,7177.080118356616,-21774.99590826097,9330.723334383267,51.411871959733624,4.7044534610256665,30613.0,0.819774,481.8281,2550.0,196.9378,1.3795262929331613,id0,1.02,0.0
61495.00507143568,522.3271,5387.514220277735,-27651.193555129415,9652.917336290764,51.35904603828747,4.678560269502917,31670.0,0.816939,477.9465,2251.0,196.651,1.3059325098284438,id0,1.02,0.0
61462.29034886434,547.1998,3640.6291805225374,-33491.99958409774,9937.398297882268,51.30653241615708,4.6533411951965,32603.0,0.813522,473.9913,1953.0,196.8022,1.23136222432944,id0,1.02,0.0
61431.427443773195,572.0725,1892.0232030053999,-39282.85186285627,10184.166219157654,51.254462622778014,4.628155422935593,33413.0,0.811161,470.9169,1655.0,196.7073,1.1560348497688857,id0,1.02,0.0
61402.421873883395,596.9452,163.43937239817188,-45041.84724307233,10393.221100117154,51.2026739086384,4.603314136652251,34098.0,0.808639,468.0138,1356.0,197.125,1.07944587620583,id0,1.02,0.0
61375.30820625396,621.818,-1596.9882687638394,-50755.349939009866,10564.562940761394,51.1512888900747,4.578075874972946,34661.0,0.804198,464.2668,1058.0,196.8781,1.0014149434000779,id0,1.02,0.0
61350.16286362952,646.6907,-3319.6809263525247,-56433.195000465144,10698.191741091565,51.10021932238436,4.553430516245765,35099.0,0.801651,461.8796,759.0,196.7755,0.9227612112423826,id0,1.02,0.0
61326.97002025158,671.5634,-5024.205960832977,-62087.59864285237,10794.107501109915,51.04935554052234,4.5290992181353635,35414.0,0.797174,458.6448,461.0,197.3634,0.8425861812131105,id0,1.02,0.0
61305.802420385975,696.4361,-6775.159466238354,-67687.44199123776,10852.31022082117,50.99897682062286,4.5041569339277805,35605.0,0.792609,455.6225,162.0,197.1946,0.7611090707577151,id0,1.02,0.0
61286.68518241939,721.3088,-8498.906854200806,-73257.84386820704,10872.79990023992,50.94885796054753,4.4796565151486085,35672.0,0.789525,453.7107,-0.0,196.9492,0.7160222274044014,id0,1.02,0.0
61268.70944179519,746.1816,-10191.977899928735,-78813.23352725149,10872.799900020227,50.89886952190439,4.455645967102378,35672.0,0.786441,451.9385,-162.0,196.7039,0.6710314953581169,id0,1.02,0.0
