mass,ts,x,y,h,latitude,longitude,altitude,mach,tas,vertical_rate,heading,fuelflow,fid,thrust,cost_grid
73114.99894609311,0.0,-75072.67582490278,55078.75718751424,30.480000303140827,52.32129688313178,4.779955942936257,100.0,0.3,198.3755,1149.0,183.0038,1.5387829873276138,AUA3NA_1248,80492.24068140364,0.06751045656480247
73084.42818378701,19.8549,-75178.61188353537,53059.91109231636,146.32459547119467,52.30312900110071,4.778850117044832,480.0,0.387119,255.6483,1347.0,183.0038,1.4750629719784805,AUA3NA_1248,75992.6954437553,0.061630973440109135
73055.15422139356,39.7098,-75315.1551222295,50457.77742960043,282.1954280945679,52.279712018568496,4.777426020149159,926.0,0.477312,314.7254,1546.0,153.2214,1.5308314242135201,AUA3NA_1248,79905.96387481398,0.05204923465708318
73024.81818622207,59.5647,-73869.78372749273,47593.77184577991,438.09249817351144,52.25415482293796,4.799298978286731,1437.0,0.563755,371.0652,1744.0,137.2226,1.6365818793296514,AUA3NA_1248,88489.63351085986,0.04212866153239297
72992.41064411226,79.4196,-71301.05046304081,44817.596326453866,614.0158057080739,52.22952987906659,4.837619972938495,2014.0,0.642561,422.0867,1943.0,124.8706,1.7365863370587324,AUA3NA_1248,99168.8086945794,0.03153740010838871
72958.02817791294,99.2745,-67771.48823658854,42358.03128698548,809.9653506982368,52.207858502982006,4.889933215391912,2657.0,0.71192,466.5982,2141.0,112.5075,1.8061644237511896,AUA3NA_1248,110145.19482586098,0.024817522425505344
72922.252612239,119.1294,-63378.55587538081,40537.74508349604,1025.94113314393,52.19201251445557,4.954738598386027,3366.0,0.771428,504.3444,2340.0,111.8416,1.8462318139247644,AUA3NA_1248,120340.9984914212,0.023344475072546375
72885.66287728799,138.9843,-58608.39679304983,38625.794429170324,1261.943153045019,52.175347008199275,5.025045355913615,4140.0,0.82,534.6369,2538.0,114.389,1.8662172293036905,AUA3NA_1248,129257.04056961763,0.023588891656619926
72848.64273524085,158.8392,-53647.66920786586,36376.656263637415,1517.9714104012558,52.155626162601884,5.098146361140653,4980.0,0.82,533.0454,2737.0,116.8868,1.8662256771655286,AUA3NA_1248,129270.5097417265,0.023733018157836145
72811.62444706335,178.6941,-48805.649387050966,33921.56643823353,1794.025905212118,52.13399767562967,5.169473069431729,5886.0,0.82,531.3241,2935.0,120.5417,1.8660202025118895,AUA3NA_1248,129166.19022212914,0.023949520354917455
72774.61159210105,198.549,-44146.62873079,31172.625879765823,2090.106637476058,52.109669106266914,5.238089024151639,6857.0,0.82,529.4717,3000.0,125.0969,1.862261127026778,AUA3NA_1248,127218.43102707068,0.02129647763854483
72737.67699033608,218.4039,-39736.64156426731,28073.589747056034,2392.695370668785,52.082134564189055,5.303026522344356,7850.0,0.82,527.5719,3000.0,127.754,1.8560809685847364,AUA3NA_1248,124452.77028051243,0.018454071513018134
72700.86903992714,238.2588,-35490.456574565,24785.366881492424,2695.2841038615393,52.0528525599456,5.3655080638225385,8843.0,0.82,525.6652,3000.0,127.9957,1.8490796076101945,AUA3NA_1248,121789.73809946852,0.015054472581083899
72664.20348875453,258.1137,-31273.577734869188,21491.294285809538,2997.8728370543013,52.02348329005821,5.427479939698868,9836.0,0.82,523.7515,3000.0,127.4366,1.8412602236702016,AUA3NA_1248,119227.70009488858,0.013769746887380226
72627.69584289972,277.9686,-27040.333387909082,18250.44430614088,3300.4615702470173,51.99456097534674,5.489605230895739,10828.0,0.82,521.8309,3000.0,127.0876,1.8326492111023347,AUA3NA_1248,116767.08886361783,0.01291819524343705
72591.36106858654,297.8236,-22803.131314501756,15047.309938346503,3603.0503034396684,51.96594535757585,5.551705507513633,11821.0,0.82,519.9031,3000.0,126.7956,1.823264815971651,AUA3NA_1248,114402.39223527521,0.012398113880863253
72555.21331272791,317.6785,-18565.48168425561,11877.647223896982,3905.639036632234,51.93759814227315,5.6137311967070636,12814.0,0.82,517.9682,3000.0,126.4844,1.8131607410803656,AUA3NA_1248,112134.27497308675,0.012162540700873371
72519.26564903827,337.5334,-14326.622790896297,8742.843186967419,4208.227769824693,51.909531890813746,5.67569467504325,13807.0,0.82,516.026,3000.0,126.3682,1.802395383166109,AUA3NA_1248,109961.38456525764,0.012230152068165249
72483.52985453475,357.3883,-10097.446181454741,5628.445770431294,4510.8165030170185,51.881616484063215,5.737439044373064,14799.0,0.82,514.0765,3000.0,126.5765,1.7910476053349056,AUA3NA_1248,107884.12453059359,0.012502086563681012
72448.01621924364,377.2432,-5895.6672957263145,2510.6027235974857,4813.405236209196,51.853637521205634,5.7987078833844174,15792.0,0.82,512.1196,3000.0,126.8285,1.7791748895212562,AUA3NA_1248,105898.0059944478,0.012397165059049966
72412.73339015205,397.0981,-1723.6994862923978,-613.6669056953218,5115.993969401259,51.82556887835512,5.85946680372537,16785.0,0.82,510.1551,3000.0,125.8344,1.7668706033132622,AUA3NA_1248,104003.65438650138,0.011549842146255589
72377.68824895551,416.953,2485.5171417036886,-3653.297899227025,5418.582702593235,51.79822992234155,5.920692096346573,17778.0,0.82,508.1831,3000.0,124.9171,1.7542237427206309,AUA3NA_1248,102200.14491640024,0.010708425897217025
72342.88582197034,436.8079,6726.280810038288,-6613.579950126716,5721.171435785117,51.77157237748806,5.982303215909059,18770.0,0.82,506.2034,3000.0,124.3949,1.7413378554393577,AUA3NA_1248,100487.91926329059,0.009832212114882624
72308.3292196997,456.6628,10977.10222154906,-9523.62269634198,6023.760168976915,51.745334276151105,6.043989230078056,19763.0,0.82,504.2159,3000.0,124.1095,1.72828427614119,AUA3NA_1248,98863.52324524883,0.00848983183624481
72274.01960294256,476.5177,15225.495962421111,-12401.029039125986,6326.348902168317,51.719357488111335,6.105569776537714,20756.0,0.82,502.2205,3000.0,124.0579,1.7151688175784212,AUA3NA_1248,97327.72842539861,0.000650714052787668
72239.95617197637,496.3726,19459.529924259303,-15263.153819859659,6628.93763535921,51.69348647440199,6.166872085290069,21748.0,0.82,500.2172,3000.0,124.0499,1.7020972220995518,AUA3NA_1248,95881.14350959662,0.0
72206.13617519186,516.2275,23676.946586376074,-18113.186065692884,6931.526368549889,51.66769304154097,6.227864180642386,22741.0,0.82,498.2058,3000.0,124.0412,1.6891385000358028,AUA3NA_1248,94521.14974504171,0.0
72172.55493357427,536.0824,27877.709696665952,-20951.030614333675,7234.115101740345,51.64197848564589,6.288546455973712,23734.0,0.82,496.1863,3000.0,124.035,1.6763945141381036,AUA3NA_1248,93248.72346721061,0.0
72139.20587755452,555.9373,32061.620892084917,-23776.830470432087,7536.703834930575,51.61634196821575,6.348916935815728,24727.0,0.82,494.1585,3000.0,124.0337,1.6639524066809646,AUA3NA_1248,92063.8143422207,0.0
72106.08059299111,575.7922,36228.36459263991,-26590.900479516786,7839.292568120569,51.59078111575308,6.408971925111415,25719.0,0.82,492.1224,3000.0,124.0274,1.6519069177714296,AUA3NA_1248,90967.35341220649,0.0
72073.16887333496,595.6471,40378.113886121384,-29392.83004467096,8141.881301310323,51.56530004960447,6.4687148730601045,26712.0,0.82,490.0778,3000.0,124.0294,1.6403158275951204,AUA3NA_1248,89958.04174941288,0.0
72040.45877536744,615.502,44510.388055833566,-32183.174847497685,8444.470034499833,51.53989424505291,6.528139661523935,27705.0,0.82,488.0246,3000.0,124.0239,1.6292663974488286,AUA3NA_1248,89037.29251637221,0.0
72007.93667626473,635.3569,48625.48006221676,-34961.34280467379,8747.058767689095,51.5145694429257,6.587251497014116,28698.0,0.82,485.9628,3000.0,124.025,1.6188305812577906,AUA3NA_1248,88205.91769484844,0.0
71975.58733012149,655.2118,52722.99949830547,-37727.75192478852,9049.647500878125,51.48932235288276,6.646045577742923,29690.0,0.82,483.8922,3000.0,124.0219,1.6090852883038214,AUA3NA_1248,87465.41525108615,0.0
71943.39392245792,675.0667,56803.066594179974,-40482.06182386673,9352.236234065731,51.46415646110229,6.704524584080602,30683.0,0.819858,481.7293,3000.0,124.0202,1.6000847243013836,AUA3NA_1248,86807.40311574774,0.0
71911.34010780718,694.9216,60864.83561030261,-43223.840712075624,9654.824967253175,51.4390761734304,6.7626772838638205,31676.0,0.817035,477.9897,3000.0,124.0197,1.5922598403429866,AUA3NA_1248,86093.82397303625,0.0
71879.44048380172,714.7765,64894.89902411829,-45944.17011199808,9957.413700440506,51.41416367956333,6.820312934965928,32669.0,0.812815,473.4411,3000.0,124.0167,1.5859667126036872,AUA3NA_1248,85446.92554878477,0.0
71847.68153967804,734.6314,68886.53025536223,-48638.24956547644,10260.00243362786,51.38946369197851,6.877337083160026,33661.0,0.807095,468.0358,3000.0,124.0173,1.5816291493515464,AUA3NA_1248,84910.92181317159,0.0
71816.03842331051,754.4863,72832.32317113453,-51301.45642591359,10562.59116681542,51.36501958853626,6.933645859027964,34654.0,0.79972,461.6951,3000.0,124.0158,1.5797302008138907,AUA3NA_1248,84540.52871305268,0.0
71784.47261245118,774.3412,76724.858283404,-53928.57020698862,10865.179900003359,51.34088031407373,6.9891357407709815,35647.0,0.792345,455.3833,3000.0,124.0144,1.5799687977080485,AUA3NA_1248,84392.91939349892,0.0
70779.51971986715,0.0,-77083.68970651773,48798.82768708049,30.48000030336221,52.32859812315809,4.708836178305882,100.0,0.3,198.3755,889.0,3.1752,1.3585677147013366,AUA3NA_1264,68670.47798673154,0.05658803328915889
70751.34839838737,20.7234,-76966.7254916515,50907.29044130497,124.05222952909097,52.34757362855343,4.710072363169985,407.0,0.404037,266.8878,1096.0,3.1752,1.327055740612741,AUA3NA_1264,66837.02950656803,0.05469530537010978
70723.87370515631,41.4469,-76809.36081354348,53744.034679709905,239.4410488594515,52.37310342200419,4.711737078189366,786.0,0.509251,335.9476,1303.0,34.2603,1.4587571088740627,AUA3NA_1264,74906.04036891696,0.05220373332713119
70693.71806255767,62.1703,-74796.16182577594,56699.670730025144,376.6464582947111,52.399958698344626,4.740726575964055,1236.0,0.606968,399.7877,1511.0,65.3455,1.6274877936216843,AUA3NA_1264,87671.15003992406,0.05191176510409712
70660.0995272977,82.8937,-70928.75007140891,58474.76563013307,535.6684578349334,52.41643473595517,4.7973459258903,1757.0,0.692994,455.6233,1718.0,92.3323,1.7563655014869863,AUA3NA_1264,101832.88418686311,0.051603630083770335
70623.80641444294,103.6171,-66083.73195580799,58277.431440720386,716.5070474801254,52.41526620889634,4.868817264663392,2351.0,0.765927,502.5336,1925.0,96.1964,1.8292813519656033,AUA3NA_1264,115379.2559192261,0.04157936448432147
70585.9772866427,124.3406,-60767.503626472,57700.23843366745,919.1622272302537,52.410691417483775,4.947300972827902,3016.0,0.82,536.7602,2132.0,100.3249,1.8606457456545986,AUA3NA_1264,126383.13192149164,0.03236746948338308
70547.45658355246,145.064,-55149.358658257624,56676.722858033514,1143.6339970852396,52.40208178226291,5.030292507871388,3752.0,0.82,535.3707,2339.0,104.5607,1.8611159281808898,AUA3NA_1264,126610.503785949,0.024934936427826418
70508.92900365945,165.7874,-49638.09345167624,55245.184253237065,1389.922357044945,52.389735389854984,5.111737277198193,4560.0,0.82,533.8419,2547.0,108.8965,1.8612824596245745,AUA3NA_1264,126696.87529132285,0.019331608770727253
70470.40118077896,186.5108,-44267.90115377293,53406.92589850987,1658.0273071091394,52.37366433344162,5.191112204996541,5440.0,0.82,532.1728,2754.0,112.3463,1.86113826076651,AUA3NA_1264,126636.98107199799,0.01551812980068999
70431.87877793772,207.2343,-39036.22183916455,51256.31966088245,1947.948847277344,52.35472156241876,5.268426282817295,6391.0,0.82,530.3619,2961.0,115.331,1.8607567565748242,AUA3NA_1264,126467.15011765159,0.014690279253683469
70393.36654934016,227.9577,-33942.83064445932,48845.31048062198,2259.6869775481105,52.333378194842986,5.343665258394795,7414.0,0.82,528.4078,3000.0,118.1647,1.8551778535104948,AUA3NA_1264,124051.51754726561,0.013838835574994612
70354.97487941026,248.6811,-28993.609217323534,46195.48641314437,2575.511980231966,52.30983194585364,5.416731621969101,8450.0,0.82,526.4207,3000.0,120.3559,1.8475155869510007,AUA3NA_1264,121211.02085884692,0.012672931830373886
70316.74702577606,269.4045,-24167.665105080825,43369.11177894631,2891.3369829157764,52.28464763241194,5.4879206931024616,9486.0,0.82,524.4261,3000.0,122.3599,1.8388963017995386,AUA3NA_1264,118480.48545174414,0.011326613988909736
70278.70204831606,290.128,-19461.53573272159,40387.12480393011,3207.1619855995395,52.25801699388882,5.557277542175499,10522.0,0.82,522.4239,3000.0,124.0559,1.8293394329908357,AUA3NA_1264,115858.06396624139,0.010197485166397817
70240.85838628103,310.8514,-14863.470482218472,37279.15668531943,3522.986988283227,52.23020997807254,5.62497000908855,11558.0,0.82,520.4139,3000.0,125.3397,1.818882731832132,AUA3NA_1264,113341.97032805737,0.009789339364750911
70203.23349111827,331.5748,-10353.733077539206,34081.39053751834,3838.811990966815,52.20155514731726,5.691284423763312,12595.0,0.82,518.3962,3000.0,126.6947,1.8075713718540112,AUA3NA_1264,110928.7540284528,0.00928503142271481
70165.84349478285,352.2982,-5938.186234185471,30790.774209090112,4154.636993650294,52.17202724243778,5.756133833732751,13631.0,0.82,516.3705,3000.0,127.7873,1.7954933513665416,AUA3NA_1264,108620.51076345638,0.008946733757060931
70128.70292043283,373.0217,-1603.3148471248026,27429.841332439762,4470.4619963336245,52.14183129826782,5.81971536942089,14667.0,0.82,514.3369,3000.0,128.4325,1.782722058343594,AUA3NA_1264,106413.8888259565,0.009195243668030019
70091.8244393634,393.7451,2676.388247873838,24033.830259873703,4786.2869990167765,52.11128608015325,5.882402633203674,15703.0,0.82,512.2953,3000.0,129.0198,1.7693499523442635,AUA3NA_1264,104307.49500076761,0.009274393925813045
70055.21867537536,414.4685,6904.086780891868,20607.887325224518,5102.112001699742,52.080439191743224,5.944242472753301,16739.0,0.82,510.2454,3000.0,130.0992,1.755477260995916,AUA3NA_1264,102300.00404766673,0.009267779620637275
70018.8940555755,435.1919,11049.720460626944,17117.040530447557,5417.937004382477,52.048977994948295,6.004794745049584,17775.0,0.82,508.1873,3000.0,131.5787,1.7412102367931512,AUA3NA_1264,100390.27861758697,0.00954472850052779
69982.85670490365,455.9154,15087.366268308833,13534.935509037912,5733.762007064961,52.01666811096722,6.063679770243778,18812.0,0.82,506.1208,3000.0,132.9242,1.726646154448996,AUA3NA_1264,98575.90201576182,0.009455392033724256
69947.1103804532,476.6388,19023.592059358798,9874.067203567272,6049.5870097471625,51.983624125836826,6.12099448633956,19848.0,0.82,504.0459,3000.0,133.8699,1.7119209838264013,AUA3NA_1264,96858.71625364665,0.007820450886790245
69911.65644085342,497.3622,22882.855470325296,6164.122948235901,6365.412012428069,51.95011425240769,6.177098477831623,20884.0,0.82,501.9623,3000.0,133.9829,1.6971339668982521,AUA3NA_1264,95236.471654998,0.0
69876.49384555222,518.0856,26718.747362605714,2462.0554050815526,6681.237015107439,51.916649773935426,6.232778585260427,21920.0,0.82,499.8701,3000.0,133.9825,1.6823954141929665,AUA3NA_1264,93708.546045553,0.0
69841.61917870627,538.8091,30538.557455451068,-1224.4323345881558,6997.062017786106,51.8833001180633,6.288142892558109,22956.0,0.82,497.7691,3000.0,133.9817,1.667812944524154,AUA3NA_1264,92274.42558056711,0.0
69807.02669248838,559.5325,34342.23602365744,-4895.255224885345,7312.887020463959,51.85006645073531,6.343191884714928,23992.0,0.82,495.6592,3000.0,133.9817,1.6534908817822154,AUA3NA_1264,90933.781724459,0.0
69772.70836489236,580.2559,38129.663518832815,-8550.398821769004,7628.712023140873,51.81694930498704,6.397925019004011,25029.0,0.82,493.5403,3000.0,133.9796,1.6395174861022996,AUA3NA_1264,89685.60398071096,0.0
69738.65396750784,600.9793,41900.90547623407,-12189.655100447795,7944.537025816691,51.78395094035859,6.452344462901668,26065.0,0.82,491.4122,3000.0,133.9795,1.626012758701514,AUA3NA_1264,88531.75129243065,0.0
69704.85113919961,621.7028,45655.76582240641,-15813.08530177382,8260.362028491249,51.7510712111425,6.50644854499841,27101.0,0.82,489.2749,3000.0,133.9787,1.6130553216346843,AUA3NA_1264,87471.57103373905,0.0
69671.28546213504,642.4262,49394.21555292267,-19420.575673569856,8576.187031164338,51.71831153242376,6.560238040755178,28137.0,0.82,487.1282,3000.0,133.9785,1.6007309270650856,AUA3NA_1264,86505.57727442656,0.0
69637.94053712448,663.1496,53116.14108108788,-23012.098207630832,8892.012033835748,51.68567255370845,6.613712482880597,29173.0,0.82,484.972,3000.0,133.9786,1.5891202702281089,AUA3NA_1264,85634.56897822392,0.0
69604.79805576986,683.873,56821.44782521707,-26587.603251833054,9207.837036505269,51.653155116907605,6.666871680378094,30209.0,0.82,482.8061,3000.0,133.9791,1.5782989823409967,AUA3NA_1264,84859.63765738686,0.0
69571.83786744498,704.5965,60510.04188912715,-30147.038447088486,9523.66203910598,51.62076008738119,6.719715450066673,31246.0,0.819794,480.51,2842.0,133.9768,1.5394888611473054,AUA3NA_1264,81969.6654799828,0.0
69539.62004506844,725.3199,64182.254886326125,-33690.377228337355,9822.859889476897,51.58848804892565,6.772249760114684,32227.0,0.82,478.5604,3000.0,133.9762,1.5597357273759487,AUA3NA_1264,83630.82335179843,0.0
69506.95063709911,746.0433,67838.32026102295,-37218.06467304772,10138.684892078189,51.55633534430369,6.82447904595343,33263.0,0.816554,474.3636,3000.0,133.9742,1.5523010376222401,AUA3NA_1264,82969.19208951577,0.0
69474.44077046114,766.7667,71462.24855190075,-40714.504387271816,10454.509894701729,51.52444462101989,6.876176519949608,34300.0,0.811397,469.1854,3000.0,133.9728,1.5468941449443612,AUA3NA_1264,82389.07822997172,0.0
69442.07074533647,787.4902,75046.62412568004,-44172.60893596944,10770.334897345707,51.49288126115473,6.927238665070557,35336.0,0.804298,462.9074,3000.0,133.9713,1.544127768803183,AUA3NA_1264,81950.22108621703,0.0
69409.8091852456,808.2136,78585.28130054234,-47586.425668047086,11086.159900003748,51.461700440365775,6.977580301050362,36372.0,0.797198,457.2489,3000.0,133.9698,1.5429086800923728,AUA3NA_1264,81680.76901329291,0.0
71664.41913823785,0.0,93795.40380814747,-39585.46168644865,30.480000303162893,52.30459976108163,4.777520178250201,100.0,0.3,198.3755,444.0,237.9631,1.08676867128238,EIN611_1587,54142.01761113503,0.06299547362474356
71641.50879596635,21.0732,91973.2726543077,-40725.68741785698,78.00317470453633,52.29465780146476,4.750411963361918,256.0,0.416885,275.5183,655.0,237.9631,1.1331663521346085,EIN611_1587,56458.06086484874,0.05582364917581884
71617.65824609919,42.1464,89442.96706769279,-42309.063857091285,148.08559327912363,52.28084151445793,4.712788356705687,486.0,0.531658,351.0931,865.0,269.5729,1.362890766079329,EIN611_1587,68926.17601214244,0.047295174890045436
71589.00464053168,63.2196,85640.00393529702,-42337.41175086997,240.72725602710142,52.2811963976165,4.656887191053541,790.0,0.635385,419.1509,1076.0,287.882,1.6020237400412471,EIN611_1587,85472.23994960447,0.0416024567074698
71555.3407352116,84.2928,81319.73160349057,-40943.497045383374,355.92816294851644,52.294390719181486,4.5937276095635875,1168.0,0.724394,477.2443,1287.0,291.2886,1.7620413421210352,EIN611_1587,102649.69857342355,0.036352085686138694
71518.29822810407,105.366,76504.4662551197,-39067.20315614544,493.68831404337755,52.31195844076638,4.523361126786515,1620.0,0.797957,524.8844,1498.0,293.4377,1.8402360268027385,EIN611_1587,118456.26806393126,0.026702200441314772
71479.57911914495,126.4392,71290.54160980729,-36806.85831534567,654.007709311671,52.332989977913144,4.447154865646959,2146.0,0.82,538.397,1708.0,295.54,1.8558448513701582,EIN611_1587,124280.2408278125,0.014780379563910064
71440.50430739897,147.5124,66032.23549062444,-34294.265945454645,836.886348753363,52.35624606931187,4.3702727347737005,2746.0,0.82,537.2686,1919.0,296.0117,1.8574475776802086,EIN611_1587,124957.89707279293,0.00814799770389666
71401.39948875993,168.5856,60807.160193550815,-31744.500157090664,1042.324232368399,52.37978277427367,4.293806052771067,3420.0,0.82,535.9983,2130.0,295.9265,1.8585517338341602,EIN611_1587,125443.48595689396,0.006366270429386257
71362.27482927027,189.6587,55592.143685522664,-29209.24326078358,1270.3213601567022,52.40313857678292,4.2174037223112695,4168.0,0.82,534.5849,2341.0,295.8377,1.8592368365170548,EIN611_1587,125755.16425673313,0.004818491211951872
71323.1388929745,210.7319,50388.54675621314,-26689.499940608166,1520.8777321181562,52.42630450346158,4.141086589785525,4990.0,0.82,533.0273,2551.0,295.7234,1.8595395662663579,EIN611_1587,125899.70370255348,0.0040659499580624715
71283.99890129006,231.8051,45196.79127764209,-24188.259700682658,1793.9933482525648,52.449253862445424,4.064861482297442,5886.0,0.82,531.3243,2762.0,295.707,1.8595723213778532,EIN611_1587,125923.94503869167,0.0034710329532631765
71244.86089596413,252.8783,40022.69057589954,-21697.354256402923,2089.668208559534,52.47205992105819,3.9888163679327917,6856.0,0.82,529.4745,2973.0,295.6632,1.8593561478758955,EIN611_1587,125837.27476846782,0.0030199551752821932
71205.72981942061,273.9515,34866.59837055468,-19219.967678332217,2407.902313037888,52.49469443040747,3.9129570492560797,7900.0,0.82,527.4762,3000.0,295.6116,1.853165953278545,EIN611_1587,123270.68258787005,0.0026823504004967816
71166.73396537462,295.0247,29728.115131848754,-16756.736892908913,2729.057798932642,52.51715210206313,3.8372786310817717,8954.0,0.82,525.4519,3000.0,295.5736,1.8451770857781247,EIN611_1587,120441.080294291,0.0023741009864008907
71127.91116686884,316.0979,24607.864265973778,-14306.420681464595,3050.21328482732,52.539444476704126,3.7617915077105493,10007.0,0.82,523.4198,3000.0,295.5373,1.8362350234782057,EIN611_1587,117726.620648245,0.0021522801519814286
71089.28073153335,337.1711,19506.007875301162,-11868.88454053876,3371.368770721907,52.56157318295909,3.686499123016605,11061.0,0.82,521.3798,3000.0,295.5278,1.8263535821107488,EIN611_1587,115121.28245576695,0.001956021197642495
71050.86114445693,358.2443,14423.777070329963,-9441.755835041115,3692.524256616393,52.58355995532237,3.611420834903023,12115.0,0.82,519.3317,3000.0,295.5255,1.815586398705204,EIN611_1587,112625.36581255335,0.0017900915763995463
71012.66969122054,379.3175,9361.55614934422,-7024.433818863413,4013.679742510752,52.60541065463132,3.536563298223529,13168.0,0.82,517.2756,3000.0,295.518,1.8040070913947646,EIN611_1587,110238.9921898474,0.0016558396799750414
70974.72212266191,400.3907,4319.208383194303,-4617.411156007221,4334.835228404969,52.627121327633574,3.461925403795259,14222.0,0.82,515.2112,3000.0,295.5236,1.7916750647954982,EIN611_1587,107956.90253427348,0.0015301058404954878
70937.03236749713,421.4639,-702.6359429482903,-2219.576422977849,4655.990714299022,52.6487024249763,3.387517596300118,15276.0,0.82,513.1386,3000.0,295.5191,1.7786900746508503,EIN611_1587,105779.50575626854,0.0014286128231527945
70899.61229570815,442.5371,-5704.316809076241,168.14699977223657,4977.146200192888,52.67014602838617,3.3133352912920215,16329.0,0.82,511.0575,3000.0,295.514,1.7651634678101846,EIN611_1587,103706.90803501505,0.0013370358156682156
70862.47153286832,463.6103,-10685.77202936246,2545.6754108322602,5298.301686086532,52.69145198996932,3.239380687763208,17383.0,0.82,508.9679,3000.0,295.5115,1.7511805386340706,EIN611_1587,101734.74798657399,0.0012549785806916984
70825.61732338325,484.6835,-15646.811665051235,4913.190153725104,5619.457171979928,52.71262241620291,3.1656574915843563,18437.0,0.82,506.8697,3000.0,295.5012,1.7368644334868035,EIN611_1587,99863.49706232772,0.0011872969069319937
70789.05443898521,505.7567,-20587.669906602325,7269.980995244663,5940.612657873035,52.73365139643469,3.092163192165501,19490.0,0.82,504.7628,3000.0,295.4821,1.7223423470303374,EIN611_1587,98093.43581877762,0.0011229516772574566
70752.78512769139,526.8299,-25508.616070895474,9615.260303343122,6261.768143765794,52.754532313331794,3.0188947982024295,20544.0,0.82,502.647,3000.0,295.4694,1.7077060188154372,EIN611_1587,96421.05535309677,0.00027501906761923247
70716.80909776333,547.9031,-30409.294967840215,11949.547245662137,6582.923629658073,52.775270326898955,2.9458585170905898,21598.0,0.82,500.5224,3000.0,295.455,1.6930827626845695,EIN611_1587,94847.0462027665,0.0
70681.1235309079,568.9762,-35289.680308614516,14272.668238027665,6904.079115549872,52.79586435823607,2.8730557144786757,22651.0,0.82,498.3886,3000.0,295.4395,1.6785977085044812,EIN611_1587,93371.86684386792,0.0
70645.72311896253,590.0494,-40149.7229450836,16584.494545757934,7225.234601441122,52.81631373414572,2.80048809800559,23705.0,0.82,496.2457,3000.0,295.4311,1.6643365317374375,EIN611_1587,91993.03975517774,0.0
70610.60011853336,611.1226,-44989.04318829501,18885.589507194774,7546.390087331728,52.83662403420769,2.7281622052064103,24758.0,0.82,494.0935,3000.0,295.4211,1.6504292221260963,EIN611_1587,90712.38917347319,0.0
70575.74441844418,632.1958,-49807.60708558832,21175.786788378642,7867.545573221573,52.85679425735211,2.6560795090142375,25812.0,0.82,491.9318,3000.0,295.4212,1.6369533450194673,EIN611_1587,89528.13418810855,0.0
70541.14361534684,653.269,-54604.91806326393,23455.890345849617,8188.701059110536,52.876832175720665,2.5842482187173847,26866.0,0.82,489.7607,3000.0,295.4253,1.624017431795506,EIN611_1587,88441.55828594494,0.0
70506.78309340056,674.3422,-59380.72293606572,25726.18899306301,8509.856544998467,52.896740919028645,2.5126729711103883,27919.0,0.82,487.5798,3000.0,295.4302,1.6117231656765345,EIN611_1587,87453.81400416541,0.0
70472.64610452163,695.4154,-64134.89453097604,27986.703074053024,8831.012030885206,52.91652119599473,2.441356562368092,28973.0,0.82,485.3892,3000.0,295.4355,1.600134690465769,EIN611_1587,86564.45273095652,0.0
70438.71384630815,716.4886,-68867.3219044176,30237.415407285862,9152.167516770578,52.93617337958418,2.370301552514306,30027.0,0.82,483.1886,2896.0,295.4478,1.5711509151039542,EIN611_1587,84317.34188606127,0.0
70405.33792273547,737.5618,-73578.61691222714,32479.317350535533,9462.16448173757,52.955706815451464,2.2994994824230606,31044.0,0.82,481.0549,2685.0,295.45,1.5212908911899474,EIN611_1587,80674.6521148489,0.0
70372.93783915821,758.635,-78270.78415161608,34712.3403457202,9749.602202546695,52.975121092119224,2.2289212741301276,31987.0,0.82,479.0681,2474.0,295.4586,1.4687067713435649,EIN611_1587,77141.69787438428,0.0
70341.56559982167,779.7082,-82944.94442375873,36937.659915425706,10014.48067919284,52.99442705000507,2.1585506810221706,32856.0,0.82,477.2298,2264.0,295.4606,1.413863292861261,EIN611_1587,73717.03443183102,0.0
70311.26961390905,800.7814,-87602.74456051152,39155.38914358352,10256.7999116762,53.01362584985912,2.0883637828576336,33651.0,0.819979,475.5297,2053.0,295.4636,1.3565436597534988,EIN611_1587,70356.32735813293,0.0
70282.09570244419,821.8546,-92245.44072163387,41366.2183442848,10476.559900002598,53.032723851652264,2.01834228370572,34372.0,0.819958,473.9815,1842.0,295.4665,1.2971701842669836,EIN611_1587,67061.79379756756,0.0
73509.47864217174,0.0,91408.75995059893,-41398.43535984439,30.48000030273288,52.32860183807372,4.708839891897401,100.0,0.3,198.3755,235.0,3.1751,0.9662827770521568,EIN611_1606,48325.13416049801,0.05658830415897924
73489.32811391995,20.8489,91526.58479747473,-39274.45555050606,55.370945474780136,52.3476795110444,4.7111563701534935,182.0,0.417495,275.9917,444.0,3.1751,1.0463343162822594,EIN611_1606,52161.32758933916,0.05537087705732124
73467.53659830302,41.6977,91690.47979057557,-36319.988259200225,102.34336508322886,52.37421657363996,4.714382099113561,336.0,0.531821,351.3823,652.0,331.9019,1.3065870805120257,EIN611_1606,65672.79300124633,0.05350525571955907
73440.3503218043,62.5466,89916.44123141524,-32997.24956656212,171.3972591283133,52.40438858248442,4.689151895767402,562.0,0.634769,419.0741,860.0,300.6286,1.570612140840011,EIN611_1606,82922.7404670738,0.04825884258723516
73407.68394592815,83.3954,86051.50507554352,-30708.930521555343,262.53262761010046,52.42558929542742,4.632781113072382,861.0,0.723083,476.886,1069.0,295.6958,1.748174513815787,EIN611_1606,100697.35058381237,0.041392272508795916
73371.31518444452,104.2443,81446.53816153336,-28493.12842844369,375.7494705286084,52.44622260724839,4.565420662990221,1233.0,0.796174,524.4157,1277.0,293.6483,1.8354806110657962,EIN611_1606,117065.08045013319,0.029959293920051106
73333.10150619666,125.0931,76299.6708178047,-26239.350208808533,511.0477878838301,52.467235539791545,4.490007469131019,1677.0,0.82,539.2774,1486.0,293.3093,1.8544604653473997,EIN611_1606,123731.63964052808,0.01624370196140223
73294.46527564738,145.942,70994.4379276061,-23953.53225618457,668.4275796757355,52.48850934492932,4.41219056883017,2193.0,0.82,538.3081,1694.0,294.1184,1.8567896102611294,EIN611_1606,124689.5560255443,0.00652400463222512
73255.78392245548,166.7908,65732.76475081702,-21597.84929649704,847.8888459042745,52.5103550454703,4.334955954633795,2782.0,0.82,537.2007,1903.0,293.7254,1.8585547526962085,EIN611_1606,125455.41609945243,0.005045067832312256
73217.06928988759,187.6397,60467.28741048698,-19283.685545382592,1049.4315865693754,52.5317775176522,4.257580787927714,3443.0,0.82,535.9543,2111.0,293.549,1.8598036389278245,EIN611_1606,126021.67169464874,0.004091912221863083
73178.33120499054,208.4885,55208.40999004179,-16991.71137956173,1273.0558016709392,52.55294930676636,4.180224099546862,4177.0,0.82,534.5679,2320.0,293.3649,1.860671308151394,EIN611_1606,126429.71673920722,0.003423686792379307
73139.5778564209,229.3374,49957.377592350625,-14723.209049674879,1518.7614912088106,52.573858861715976,4.102905360124363,4983.0,0.82,533.0405,2528.0,293.3023,1.8611734734152274,EIN611_1606,126674.75518036884,0.0030082334556799225
73100.81606331389,250.1862,44720.543232703,-12467.6173972843,1786.5486551827369,52.594600763620704,4.025721388012004,5861.0,0.82,531.3708,2737.0,293.0854,1.8614229335699262,EIN611_1606,126803.46829743902,0.0026270086788659688
73062.05145239198,271.0351,39493.39918111868,-10239.623702452836,2076.417293592208,52.615043581434456,3.9486046195695823,6812.0,0.82,529.5575,2945.0,292.9845,1.8614091046237702,EIN611_1606,126808.53720556208,0.0023683239265550717
73023.2885576349,291.8839,34282.05626422812,-8029.20729205247,2388.367406435692,52.63527723071133,3.8716482186804955,7836.0,0.82,527.5991,3000.0,292.8781,1.85663398474723,EIN611_1606,124686.32419221575,0.002132167611755483
72984.62918736857,312.7328,29086.51216544009,-5836.865748891151,2706.10390618061,52.65529760473015,3.7948533247894716,8878.0,0.82,525.5969,3000.0,292.7394,1.8493642885538522,EIN611_1606,121894.82442779536,0.0019361115602509968
72946.12555565592,333.5816,23905.551190535924,-3665.4373455653913,3023.8404059254626,52.67507960121152,3.718202937773897,9921.0,0.82,523.587,3000.0,292.656,1.841194734163225,EIN611_1606,119212.57168830172,0.0017786723267139374
72907.79543018714,354.4305,18741.397910460015,-1509.8870963481352,3341.5769056702397,52.694668757708456,3.6417316998243585,10963.0,0.82,521.5694,3000.0,292.5989,1.8321605879971157,EIN611_1606,116641.92405356019,0.0016351073371905008
72869.65590522748,375.2793,13595.148353369736,632.1702207096531,3659.3134054149277,52.714086897185254,3.5654571281504723,12006.0,0.82,519.5439,3000.0,292.5204,1.822286528192372,EIN611_1606,114177.20027137072,0.0015235915063248578
72831.72304965375,396.1282,8466.107552555772,2758.8231373339313,3977.0499051595107,52.73331727145989,3.4893698995935085,13048.0,0.82,517.5105,3000.0,292.4728,1.8116442043264813,EIN611_1606,111820.5985461754,0.0014191898859141996
72794.01158964544,416.977,3355.5305888145162,4872.8556365814875,4294.786404903983,52.75238531181076,3.413489793134912,14091.0,0.82,515.4691,3000.0,292.4248,1.8002857569798403,EIN611_1606,109566.99692754017,0.0013277259962018576
72756.53463241206,437.8259,-1736.5032389158403,6974.221856331172,4612.522904648326,52.77129101257824,3.3378189920930463,15133.0,0.82,513.4196,3000.0,292.3856,1.788311335431046,EIN611_1606,107418.43696124203,0.0012494872865683913
72719.30343444718,458.6747,-6809.5729428783325,9063.702770332742,4930.259404392529,52.79004186442007,3.2623648166278696,16175.0,0.82,511.3618,3000.0,292.3385,1.7758029254789531,EIN611_1606,105371.84354941858,0.0011758342785154875
72682.32721527979,479.5236,-11863.871630356385,11140.58739539264,5247.995904136574,52.80863196406246,3.1871254097994433,17218.0,0.82,509.2958,3000.0,292.3277,1.762848281607071,EIN611_1606,103424.64528512885,0.0011163858049035712
72645.61301562292,500.3724,-16897.986460503977,13208.071649384632,5565.732403880445,52.82709056236671,3.1121226382563827,18260.0,0.82,507.2213,3000.0,292.2762,1.749572697107352,EIN611_1606,101578.70466792469,0.0010605071767564001
72609.16559722129,521.2213,-21913.2904267987,15262.566167403176,5883.46890362413,52.84538582221189,3.037337182245737,19303.0,0.82,505.1383,3000.0,292.2846,1.7360614000126875,EIN611_1606,99830.33343248241,0.001009799832620382
72572.9873805561,542.0701,-26907.543224281028,17309.290127720804,6201.205403367579,52.863565251213586,2.962803000954767,20345.0,0.82,503.0467,3000.0,292.2127,1.7224457936488993,EIN611_1606,98181.38135553419,0.0004146772752894515
72537.07841583212,562.919,-31883.51290695068,19341.23109870499,6518.9419031107245,52.88156614236421,2.8884803503439707,21388.0,0.82,500.9464,3000.0,292.2779,1.708811726904144,EIN611_1606,96628.76125233457,0.0
72501.4363822867,583.7678,-36836.239361879256,21370.264739483184,6836.678402853624,52.899496076879934,2.8144429109781157,22430.0,0.82,498.8372,3000.0,292.2516,1.6952896023016437,EIN611_1606,95174.30425720676,0.0
72466.05661076271,604.6167,-41768.87816870617,23388.424732742784,7154.414902596247,52.91728374764642,2.7406452719789636,23472.0,0.82,496.719,3000.0,292.2822,1.6819727310222117,EIN611_1606,93816.54342429657,0.0
72430.93212460987,625.4655,-46679.33547398546,25400.568604182714,7472.151402338579,52.934973511432595,2.667118901257408,24515.0,0.82,494.5918,3000.0,292.2401,1.6689515342844958,EIN611_1606,92554.54748133387,0.0
72396.05369426637,646.3144,-51570.06865197468,27400.433970562066,7789.887902080607,52.952509364196075,2.593828859977323,25557.0,0.82,492.4554,3000.0,292.3276,1.6563461337069456,EIN611_1606,91390.25254394411,0.0
72361.4099012758,667.1632,-56436.46240158203,29399.024228339753,8107.624401822319,52.969991221566104,2.520843115180141,26600.0,0.82,490.3097,3000.0,292.285,1.644227768917581,EIN611_1606,90322.38689877944,0.0
72326.98720797531,688.0121,-61282.959763880994,31385.234980780606,8425.360901563705,52.98731932302882,2.4480979632354334,27642.0,0.82,488.1545,3000.0,292.2773,1.632706226290025,EIN611_1606,89353.05530613282,0.0
72292.77002961934,708.861,-66108.24742043811,33361.996880616476,8743.097401304767,53.004520668619215,2.3756134046276633,28685.0,0.82,485.9898,3000.0,292.3402,1.6218444998521802,EIN611_1606,88481.8924670129,0.0
72258.74080626076,729.7098,-70909.80068816469,35335.190633641716,9060.833901045502,53.02164899133641,2.3034267453289514,29727.0,0.82,483.8154,3000.0,292.2813,1.6117406947117072,EIN611_1606,87711.2758439802,0.0
72224.8800722926,750.5587,-75691.71028400371,37294.56983011504,9378.570400784964,53.03861216049759,2.231479858641996,30770.0,0.819524,481.3514,3000.0,292.2887,1.6024862934032515,EIN611_1606,87012.67253583987,0.0
72191.17342735054,771.4075,-80448.82231047908,39244.51165976476,9696.306900524334,53.05545078719505,2.1598497753110744,31812.0,0.816202,477.2164,3000.0,292.3111,1.5946113752574764,EIN611_1606,86267.73659490203,0.0
72157.63417183883,792.2564,-85164.06054070826,41179.43450563773,10014.043400263703,53.072118019378834,2.088794450018578,32854.0,0.811333,472.1889,3000.0,292.2746,1.588518459498744,EIN611_1606,85608.64804274344,0.0
72124.24356787608,813.1052,-89830.55032614224,43090.88779562675,10331.779900003254,53.08854009936605,2.0184206093291825,33897.0,0.806465,467.1776,3000.0,292.2382,1.584158312818475,EIN611_1606,85127.02547303474,0.0
63807.96035678577,0.0,93431.6275152655,29960.068545779235,30.480000303298723,52.30459976108106,4.777520178250386,100.0,0.3,198.3755,970.0,237.9631,1.2711587893869103,EIN84T_1564,63702.235035938684,0.06299547362455422
63782.03359106051,20.3857,91671.09360495808,28858.38820769645,130.93772986346727,52.294991118859606,4.751330066490302,430.0,0.418187,276.2133,1174.0,237.9631,1.26845943383106,EIN84T_1564,63554.25045183071,0.05564021260710035
63756.21853738743,40.7714,89219.36693662377,27324.18369789214,252.50672401598194,52.28160041725512,4.714876564489968,828.0,0.536046,353.5718,1378.0,263.6804,1.4511167172006776,EIN84T_1564,74404.74250566476,0.04705609793892843
63726.73497687389,61.157,85539.60089976536,26916.658857593877,395.18698276104845,52.27852175938895,4.6606881889655565,1297.0,0.643067,423.4752,1582.0,269.0823,1.651615782021379,EIN84T_1564,89885.81539197097,0.040397297896005026
63693.18668305733,81.5427,81106.22408521654,26845.6411719665,558.9785060987082,52.2785559571428,4.595513637365526,1834.0,0.734702,482.9166,1785.0,271.8424,1.7843929816262765,EIN84T_1564,106151.95229794904,0.03321457967263888
63656.91226114307,101.9284,76053.07834572141,27008.188043826827,743.8812940289487,52.28074074393915,4.521283067228047,2441.0,0.809993,531.2794,1989.0,271.1665,1.8480715210393726,EIN84T_1564,121076.52046923983,0.025424051902517817
63619.299253653735,122.3141,70492.9471007701,27121.400761058976,949.8953465517168,52.28250080899858,4.439582748693248,3116.0,0.82,536.5702,2193.0,266.4113,1.8536749113549629,EIN84T_1564,123353.50444918606,0.01767813481009959
63581.560197875646,142.6998,64888.74596138841,26769.924607610836,1177.020663666903,52.28003121603019,4.357138370874665,3862.0,0.82,535.1637,2397.0,260.856,1.8533688341950825,EIN84T_1564,123238.78639709113,0.012960860590227292
63543.83177562054,163.0854,59361.047327224405,25880.171528164796,1425.2572453743167,52.27265563488129,4.275732485493783,4676.0,0.82,533.6223,2601.0,257.1699,1.85268283937316,EIN84T_1564,122979.69197234423,0.009745503190927277
63506.121911049784,183.4711,53919.40938259264,24640.854963049725,1694.6050916735749,52.262072250109114,4.19556220157377,5560.0,0.82,531.9447,2805.0,255.2476,1.8516354151267873,EIN84T_1564,122589.97650100722,0.0070328678499275085
63468.43783738513,203.8568,48541.156913874474,23224.64261685949,1985.0642025635182,52.249838282373744,4.116335795576105,6513.0,0.82,530.1296,3000.0,253.882,1.8499773861058484,EIN84T_1564,121988.34025372917,0.006123103237910178
63430.79181689751,224.2425,43218.21443082163,21686.442307044515,2295.741985238924,52.236449996944614,4.037949694483039,7532.0,0.82,528.1813,3000.0,252.8499,1.8411088163657716,EIN84T_1564,119051.61553430386,0.005073988164779717
63393.33380012382,244.6282,37943.431486774105,20058.661432326982,2606.419767914287,52.22220095244972,3.9603078350642806,8551.0,0.82,526.2259,3000.0,252.1557,1.8311185380101946,EIN84T_1564,116221.18678150928,0.0044553126021104365
63356.08605063592,265.0139,32708.34768418561,18373.39228362755,2917.0975505895876,52.207381680897555,3.883292872783627,9571.0,0.82,524.2631,3000.0,251.5768,1.8200133051852718,EIN84T_1564,113492.95858135796,0.0039017538076334514
63319.07027384384,285.3995,27510.155557845126,16641.843262559476,3227.775333264818,52.19209430293522,3.8068667740370916,10590.0,0.82,522.2929,3000.0,251.1728,1.8078484696621957,EIN84T_1564,110869.40226866055,0.0034037870184693976
63282.307216987065,305.7852,22343.92416187158,14880.382090770026,3538.4531159399567,52.17648731482607,3.730960018004093,11609.0,0.82,520.3153,3000.0,250.8532,1.7946710559987604,EIN84T_1564,108346.55560468709,0.003112909425088392
63245.816308363996,326.1709,17207.260780264838,13096.955463799593,3849.1308986149947,52.16063321500616,3.6555389248522374,12628.0,0.82,518.3301,3000.0,250.5882,1.7805530716996398,EIN84T_1564,105922.67485641249,0.002798572377477177
63209.61534344177,346.5566,12098.608138851487,11296.72814916511,4159.808681289914,52.14457937219314,3.5805814989691753,13648.0,0.82,516.3373,3000.0,250.3895,1.765567905760212,EIN84T_1564,103594.34514392889,0.0025871636182696195
63173.72022212968,366.9423,7015.984514853342,9485.839889357227,4470.486463964695,52.128381865802744,3.506059247324527,14667.0,0.82,514.3368,3000.0,250.2037,1.749838021763593,EIN84T_1564,101363.65881390663,0.002403185414161122
63138.144738562856,387.3279,1959.0732141541278,7665.604651456805,4781.1642466393205,52.11205328755978,3.4319676878005594,15686.0,0.82,512.3284,3000.0,250.0503,1.7334574380002175,EIN84T_1564,99227.23685097421,0.002228877172449679
63102.90042231874,407.7136,-3073.077946465914,5839.052711978287,5091.842029313766,52.09562162606117,3.358292946877985,16706.0,0.82,510.3122,3000.0,249.9101,1.7165244419284365,EIN84T_1564,97182.15025413342,0.0021089085691178605
63067.99642811273,428.0993,-8080.813632854618,4007.4824329679236,5402.5198119880115,52.079099279729085,3.285029956827621,17725.0,0.82,508.288,3000.0,249.7799,1.699183787153174,EIN84T_1564,95230.26327808801,0.001986264821155867
63033.439469665704,448.485,-13064.379953431378,2171.900166511127,5713.197594662026,52.0624960528619,3.212174978242333,18744.0,0.82,506.2556,3000.0,249.6661,1.6815396163669758,EIN84T_1564,93368.69468746103,0.001885751833608936
62999.23379255832,468.8707,-18024.232823509778,333.86202494939135,6023.875377335784,52.04582665209914,3.139721092343908,19763.0,0.82,504.2151,3000.0,249.5751,1.6637103628909236,EIN84T_1564,91596.3518493915,0.0016776252045620562
62965.381180412434,489.2563,-22961.02990185535,-1504.5580906522719,6334.553160009173,52.02911040050134,3.0676583247817817,20783.0,0.82,502.1663,3000.0,249.5561,1.645797319151905,EIN84T_1564,89910.92328390919,8.804778735141552e-05
62931.880988591525,509.642,-27877.009041029083,-3337.07883210151,6645.230942682119,52.01240434996418,2.995953163676403,21802.0,0.82,500.1091,3000.0,249.5565,1.6279448789834468,EIN84T_1564,88314.1056555092,0.0
62898.730199719415,530.0277,-32772.705750986155,-5162.007921104907,6955.908725354639,51.99572429904694,2.9245970908234384,22821.0,0.82,498.0434,3000.0,249.5563,1.610247887024439,EIN84T_1564,86803.76024510113,0.0
62865.92349560316,550.4134,-37648.018797987424,-6979.3588727155875,7266.586508026665,51.97907072656536,2.8535909888218423,23841.0,0.82,495.9691,3000.0,249.5563,1.5927968534657029,EIN84T_1564,85378.1646663986,0.0
62833.45334055564,570.7991,-42502.87111129946,-8789.077131605387,7577.264290698124,51.96244472156186,2.7829353784598894,24860.0,0.82,493.8861,3000.0,249.5562,1.5757223330091008,EIN84T_1564,84038.9612679512,0.0
62801.310071596636,591.1848,-47337.17057975902,-10591.145173116274,7887.942073368918,51.94584704039939,2.7126310010030905,25879.0,0.82,491.7942,3000.0,249.5559,1.5591040600353752,EIN84T_1564,82784.62686390389,0.0
62769.4819915263,611.5704,-52150.825256276374,-12385.54164337667,8198.61985603894,51.929278473410285,2.642678592423236,26898.0,0.82,489.6934,3000.0,249.5559,1.5430314773652816,EIN84T_1564,81614.94911728633,0.0
62737.955461381,631.9561,-56943.7542522636,-14172.212061170767,8509.297638708053,51.91274010720076,2.573078719472919,27918.0,0.82,487.5836,3000.0,249.556,1.5275748704273766,EIN84T_1564,80529.11757235177,0.0
62706.714989280954,652.3418,-61715.87066073329,-15951.114553801084,8819.975421376108,51.896232914750854,2.503832034848837,28937.0,0.82,485.4646,3000.0,249.5561,1.512839926076615,EIN84T_1564,79528.85796490608,0.0
62675.743313143714,672.7275,-66467.08042593765,-17722.222811480962,9130.65320404292,51.87975772921851,2.434939295009685,29956.0,0.82,483.3363,3000.0,249.5566,1.4988856604397456,EIN84T_1564,78613.69247630669,0.0
62645.021475164256,693.1132,-71197.30741043444,-19485.458762657992,9441.330986708283,51.863315846400205,2.3664009821310072,30975.0,0.82,481.1986,3000.0,249.5568,1.4857799849877538,EIN84T_1564,77784.21195834718,0.0
62614.52888634627,713.4988,-75906.44763761677,-21240.815263017488,9752.008769371954,51.846907926942244,2.2982179943208942,31995.0,0.82,479.0514,3000.0,249.5574,1.4735750851759195,EIN84T_1564,77040.81572620606,0.0
62584.2433797686,733.8845,-80594.41740755335,-22988.227386747214,10062.68655203368,51.8305351478819,2.230390919445569,33014.0,0.82,476.8945,3000.0,249.5577,1.4623524827821102,EIN84T_1564,76385.62530217067,0.0
62554.141253576934,754.2702,-85261.11680062377,-24727.6804596712,10373.364334693233,51.81419823592106,2.1629205894870647,34033.0,0.82,474.7278,3000.0,249.5582,1.4521552891855452,EIN84T_1564,75819.581633194,0.0
62524.19736729026,774.6559,-89906.53336712271,-26459.15824580484,10684.04211734794,51.797897917231396,2.0958065624131215,35053.0,0.81986,472.4704,3000.0,249.5583,1.4430505124628283,EIN84T_1564,75337.1824635437,0.0
62494.388940155855,795.0416,-94531.25194125762,-28182.91109026668,10994.719900002832,51.781632416260685,2.029039788460041,36072.0,0.81972,470.2036,3000.0,249.5584,1.435099357225138,EIN84T_1564,74948.73951710068,0.0
75567.91538369292,0.0,91389.89357599407,29049.351967089937,30.480000301505925,52.32860183806575,4.708839891897301,100.0,0.3,198.3755,234.0,3.1751,1.0011512696049119,EIN84X_1589,49983.58068981496,0.0565883041595298
75546.93328018613,20.9549,91508.31768793812,31184.134480058496,55.37629315153226,52.34777667992673,4.711166348135899,182.0,0.413529,273.3702,443.0,3.1751,1.065079614541177,EIN84X_1589,53075.5463643024,0.05536527632214957
75524.62595373053,41.9098,91671.48087517898,34125.409809583354,102.57921918672243,52.37419544283073,4.714375177378642,337.0,0.524546,346.5743,653.0,331.7428,1.308118774427395,EIN84X_1589,65759.23171010961,0.05350411926265047
75497.26674312886,62.8646,89903.69591864749,37414.42935912449,172.0887784075316,52.404061534546514,4.689225194320015,565.0,0.625133,412.7092,863.0,300.3105,1.561972745303989,EIN84X_1589,82248.99613629904,0.048280437537153865
75464.61776439051,83.8195,86065.63174208133,39658.15618781839,263.9049708140918,52.42485344619082,4.633237693852232,866.0,0.712047,469.6,1072.0,268.8782,1.7384457044464259,EIN84X_1589,99408.37499631732,0.041445834640870406
75428.26870861441,104.7744,81008.82720695055,39559.13299660074,378.02779640644144,52.42473568795367,4.558647543672673,1240.0,0.784565,516.7561,1282.0,261.7847,1.8293620303485953,EIN84X_1589,115400.97442460108,0.03114014883492074
75389.99448530699,125.7293,75501.23994468096,38763.975395220026,514.4572551845692,52.41837397286172,4.477252837384515,1688.0,0.82,539.2564,1491.0,258.7914,1.8563857226231961,EIN84X_1589,124533.99425560978,0.017748168019372314
75351.11939284517,146.6841,69806.1732495459,37635.42950446508,673.1933471484232,52.408982599969455,4.393048032287538,2209.0,0.82,538.2787,1701.0,256.2923,1.85881811978483,EIN84X_1589,125585.2857289662,0.007350992663291809
75312.19702142778,167.639,64177.33812535009,36262.470076319456,854.2360722979097,52.3973259430388,4.309808222200409,2803.0,0.82,537.1615,1910.0,254.7059,1.8606370474355352,EIN84X_1589,126419.36590934699,0.006323612523021483
75273.23909370047,188.5939,58601.73894383324,34737.77196870531,1057.585430632897,52.38424075153277,4.227370150397729,3470.0,0.82,535.9038,2120.0,253.2521,1.862008334565873,EIN84X_1589,127079.7954286843,0.00520950275096643
75234.25522504625,209.5488,53081.12847547842,33076.481352554525,1283.2414221531994,52.36986468346246,4.1457692081579465,4210.0,0.82,534.5047,2329.0,252.2229,1.862959921461609,EIN84X_1589,127557.52230462937,0.004649410944316116
75195.25332169821,230.5036,47607.22527061955,31321.421317274708,1531.2040468585344,52.35458523359562,4.064895782065258,5024.0,0.82,532.963,2539.0,251.2699,1.863611297346207,EIN84X_1589,127896.72638655151,0.004138754305808319
75156.23986627097,251.4585,42180.70869711145,29481.473699978706,1801.473304748433,52.33848366197923,3.9847650793811487,5910.0,0.82,531.2776,2748.0,250.5597,1.8639773039294576,EIN84X_1589,128096.00987894015,0.0037070164187507455
75117.22010988032,272.4134,36796.337235987456,27581.083009493726,2094.049195821953,52.32178160397879,3.9053062119828463,6870.0,0.82,529.447,2958.0,249.8707,1.864152526227152,EIN84X_1589,128199.9103634326,0.0033862860200295623
75078.19818688236,293.3683,31455.616281774008,25623.556838812194,2408.9317200762694,52.304510019375044,3.8265439919942814,7903.0,0.82,527.4697,3000.0,249.2287,1.859406511812741,EIN84X_1589,125917.3662500787,0.0030510141569072115
75039.27928609223,314.3232,26157.5348492119,23614.043079553176,2728.2840472770777,52.286716590004026,3.7484660706430777,8951.0,0.82,525.4568,3000.0,248.7659,1.852650628094559,EIN84X_1589,123133.83272252597,0.0028411580180077245
75000.50554785653,335.278,20896.153941425502,21569.6894875253,3047.6363744777786,52.26855705554284,3.670988063210564,9999.0,0.82,523.4362,3000.0,248.34,1.8450466596214543,EIN84X_1589,120463.38702888743,0.0026097193192228295
74961.89386681604,356.2329,15670.431735035356,19494.34942526542,3366.9887016783564,52.250067225321025,3.5940959196999835,11047.0,0.82,521.4077,3000.0,247.9891,1.836613981171598,EIN84X_1589,117904.23086923847,0.0024217093983055693
74923.46051231342,377.1878,10477.862695889093,17395.2700917771,3686.3410288787886,52.23131341146237,3.5177539541521696,12094.0,0.82,519.3712,3000.0,247.6895,1.8273970554189467,EIN84X_1589,115456.51466956828,0.002267680405354973
74885.22078036539,398.1427,5316.723718879214,15277.429188768208,4005.6933560790585,52.212341406130726,3.4419375137242736,13142.0,0.82,517.3268,3000.0,247.4324,1.8174333677105623,EIN84X_1589,113114.97365612804,0.002109057565193322
74847.18867774236,419.0975,185.56637745742051,13144.935727868029,4325.0456832791415,52.19318911419254,3.3666256920533995,14190.0,0.82,515.2743,3000.0,247.2237,1.8067964930065368,EIN84X_1589,110880.02715470755,0.002002631730096516
74809.37664490483,440.0524,-4917.314263877021,11002.364465417315,4644.398010479016,52.173898562390306,3.291793593436964,15238.0,0.82,513.2135,3000.0,246.9856,1.795564773408935,EIN84X_1589,108750.29968685831,0.0018915684211725998
74771.79532169193,461.0073,-9990.726499893684,8847.326367318761,4963.750337678662,52.15444914407851,3.217458754100339,16285.0,0.82,511.1445,3000.0,246.8116,1.7838364578130053,EIN84X_1589,106726.08122131482,0.0017969476962293087
74734.45335713777,481.9622,-15036.993041966813,6685.708128160883,5283.102664878052,52.13489463788095,3.143586936118027,17333.0,0.82,509.067,3000.0,246.6323,1.7716877771278357,EIN84X_1589,104803.16577416263,0.0017189109233070336
74697.3572626982,502.917,-20055.833971392407,4517.221628962185,5602.454992077169,52.11523329379021,3.0701820631468943,18381.0,0.82,506.981,3000.0,246.4316,1.7592296210463545,EIN84X_1589,102982.16720615272,0.0016386309740115713
74660.51130653801,523.8719,-25046.36002166515,2340.1946881096196,5921.80731927599,52.09545093989725,2.9972570818045283,19429.0,0.82,504.8864,3000.0,246.3064,1.7465668757983142,EIN84X_1589,101262.25358446335,0.0015786277464855836
74623.91744533992,544.8268,-30011.358982669277,161.36920059986258,6241.159646474424,52.07560889602405,2.924770461317633,20476.0,0.82,502.7831,3000.0,246.2232,1.7338169922209787,EIN84X_1589,99643.90382364774,0.000480248720861241
74587.57528932094,565.7817,-34952.36186385563,-2015.482744760411,6560.511973672279,52.05574174644602,2.85269903403245,21524.0,0.82,500.6709,3000.0,246.2839,1.7210652212323974,EIN84X_1589,98124.19952695657,0.0
74551.48209571496,586.7366,-39874.74170932541,-4177.904822216149,6879.86430086973,52.03596183372089,2.7809622684581625,22572.0,0.82,498.5498,3000.0,246.227,1.708428071006988,EIN84X_1589,96704.0680496688,0.0
74515.63278584914,607.6914,-44773.963800390666,-6335.962801852557,7199.216628066757,52.01617956771671,2.709626798515891,23619.0,0.82,496.4196,3000.0,246.2778,1.696019625224102,EIN84X_1589,95384.27181244675,0.0
74480.01998103702,628.6463,-49653.99067464171,-8480.403952435541,7518.568955263337,51.996478480095796,2.6386327921159642,24667.0,0.82,494.2803,3000.0,246.2366,1.683918926518236,EIN84X_1589,94163.01861638163,0.0
74444.63405278555,649.6012,-54511.28530028231,-10619.019838424922,7837.921282459459,51.97678942227185,2.568032209668762,25715.0,0.82,492.1316,3000.0,246.2463,1.6722332688818975,EIN84X_1589,93041.59950869808,0.0
74409.46318320982,670.5561,-59347.65500231267,-12747.450244869153,8157.2736096551125,51.95715206986063,2.4977972598764007,26763.0,0.82,489.9735,3000.0,246.1874,1.6610550051406991,EIN84X_1589,92020.62055433664,0.0
74374.49343204018,691.5109,-64160.46779690411,-14871.413484725721,8476.625936850298,51.93751591417987,2.427966599816911,27810.0,0.82,487.8059,3000.0,246.2014,1.6504810491668103,EIN84X_1589,91101.52331684569,0.0
74339.70880715556,712.4658,-68952.32920294235,-16984.74027042652,8795.978264045025,51.917936779962396,2.358500380978613,28858.0,0.82,485.6286,3000.0,246.1751,1.6405750800431285,EIN84X_1589,90284.3038375556,0.0
74305.091336175,733.4207,-73721.66187157204,-19090.743781619003,9115.330591236892,51.89838568415469,2.2894214812571336,29906.0,0.819754,483.2966,3000.0,246.1833,1.6314388434555231,EIN84X_1589,89555.45101576901,0.0
74270.6246236982,754.3756,-78468.20832084758,-21185.87420938662,9434.68291842876,51.878895219771394,2.2207321244091456,30954.0,0.817152,479.5732,3000.0,246.1722,1.6234533528754889,EIN84X_1589,88797.8439863133,0.0
74236.31751019173,775.3304,-83177.5495819533,-23265.66643134986,9754.035245620686,51.85950833405607,2.1526403015957247,32001.0,0.811933,474.3248,3000.0,246.2126,1.6172545876187907,EIN84X_1589,88064.27647289379,0.0
74202.16696773696,796.2853,-87836.50370288655,-25319.283208067594,10073.387572812922,51.84032554757069,2.0853337627845914,33049.0,0.805155,468.1881,3000.0,246.1943,1.6132298603521602,EIN84X_1589,87485.4395155655,0.0
74168.13866181692,817.2402,-92434.1987268424,-27347.658414926107,10392.739900005812,51.821341573877746,2.0189689193897156,34097.0,0.798378,462.0779,3000.0,246.1759,1.6112587377854701,EIN84X_1589,87137.25243040026,0.0
60247.74837584348,0.0,-37671.68311639974,100736.5738760644,30.480000303520896,52.32129867123154,4.779952310901388,100.0,0.3,198.3755,1861.0,183.0038,1.606256765644058,EJU13CB_1081,85828.93371303519,0.06750973334321246
60211.13838279747,22.7785,-37792.82863430647,98427.8806824529,245.83399973857198,52.300528534158076,4.7784296876911485,807.0,0.415396,274.013,2089.0,183.0038,1.5327272797646607,EJU13CB_1081,80045.04005587142,0.059800771133739085
60176.28918331823,45.5571,-37960.38174493259,95234.78916115736,487.5461824288844,52.271801885739706,4.776326049720828,1600.0,0.535873,352.5145,2317.0,174.652,1.6176108167292278,EJU13CB_1081,86802.69734385345,0.04689498243885182
60139.588724507215,68.3356,-37576.76470887303,91136.84655476449,755.6165483746757,52.23497570480405,4.782420527546352,2479.0,0.647139,424.4052,2544.0,168.6114,1.738746256502267,EJU13CB_1081,99447.29541901912,0.03273410471233864
60100.15194264467,91.1142,-36598.10569081652,86278.24896294043,1050.0450975758895,52.191348360779166,4.7973173386558985,3445.0,0.7423,485.1658,2772.0,165.5142,1.82067843947335,EJU13CB_1081,113274.44304524052,0.02112842417481555
60058.819615601366,113.8927,-35180.88733483674,80792.64654223353,1370.8318300322242,52.14210852396243,4.818677013692744,4497.0,0.819737,533.7891,3000.0,162.5865,1.859608728271462,EJU13CB_1081,125823.00587025784,0.020534781035405122
60016.54005017317,136.6712,-33315.62601515393,74845.48772560681,1717.9767457426137,52.0887411311679,4.846592695740858,5636.0,0.82,531.7988,3000.0,159.3628,1.8510302143759063,EJU13CB_1081,122336.88906064577,0.020401289035253914
59974.468140929835,159.4498,-31127.132448754168,69034.54415534118,2065.121661497075,52.03661032312932,4.87915430001509,6775.0,0.82,529.6283,3000.0,157.3926,1.840844955176033,EJU13CB_1081,118934.08916394635,0.019066330664936113
59932.640770173624,182.2283,-28749.96162525906,63325.843595283135,2412.266577251475,51.98539980405186,4.914386449048731,7914.0,0.82,527.4488,3000.0,157.2547,1.8291311491081874,EJU13CB_1081,115664.89714101798,0.016955066190730575
59891.0920516216,205.0068,-26368.97315256188,57646.51871519589,2759.411493005836,51.93444315023537,4.949591517812671,9053.0,0.82,525.2602,3000.0,158.5512,1.8159030405535734,EJU13CB_1081,112526.50774862047,0.014913309872198511
59849.85536478271,227.7854,-24126.503848884102,51938.734323918274,3106.5564087601524,51.8832141055365,4.982700575926268,10192.0,0.82,523.0625,3000.0,159.2207,1.8012099143440405,EJU13CB_1081,109516.23890163407,0.01306122997639053
59808.96259379518,250.5639,-21960.053104131795,46229.303836622676,3453.701324514416,51.8319579980398,5.014628058968589,11331.0,0.82,520.8555,3000.0,159.5066,1.7851326046625533,EJU13CB_1081,106631.45718076159,0.012140297882917435
59768.44344896137,273.3425,-19831.21246743386,40533.4477123799,3800.8462402685805,51.780814002666645,5.045935426582451,12470.0,0.82,518.6391,3000.0,159.8004,1.7677795741487505,EJU13CB_1081,103869.6597157814,0.012228209323775262
59728.32488932563,296.121,-17740.608886571215,34851.216610639916,4147.991156022619,51.729783025267935,5.07661596687871,13609.0,0.82,516.4132,3000.0,159.9017,1.7492820260471862,EJU13CB_1081,101228.45018763104,0.012359923138760703
59688.6306556358,318.8995,-15669.05084513072,29189.886808549563,4495.136071776513,51.67893150559182,5.106950099135804,14748.0,0.82,514.1777,3000.0,160.0568,1.7297888800383157,EJU13CB_1081,98705.54262721183,0.012587894130864235
59649.38091534858,341.6781,-13621.791095886378,23547.691345304764,4842.280987530236,51.62824367171936,5.1368633735333065,15887.0,0.82,511.9324,3000.0,160.0213,1.7094617003011237,EJU13CB_1081,96298.7463212721,0.012733212477715996
59610.5920152594,364.4566,-11580.057488775474,17931.589464939756,5189.425903283789,51.57778279578923,5.166629000633079,17026.0,0.82,509.6773,3000.0,159.3072,1.6884704365743792,EJU13CB_1081,94006.03153654569,0.011916354997768322
59572.2763329104,387.2351,-9477.861974230935,12366.188773831711,5536.570819037202,51.527771384566535,5.197201181780517,18165.0,0.82,507.4121,3000.0,158.1847,1.6669886268914103,EJU13CB_1081,91825.43763930736,0.010954312825481862
59534.44221502613,410.0137,-7276.953725804958,6867.775534634313,5883.715734790459,51.47835574907851,5.2291302145535905,19304.0,0.819723,504.9659,3000.0,156.8008,1.644982814881642,EJU13CB_1081,89726.5391433039,0.010367386646257297
59497.10090557186,432.7922,-4955.223944145451,1450.5655000632964,6230.860650543324,51.429662798898356,5.262731713371444,20442.0,0.811498,497.6372,3000.0,156.243,1.6172261452806098,EJU13CB_1081,87032.66162352648,0.0034752596576826354
59460.434377872436,455.5708,-2615.490928626079,-3865.1126421240983,6578.005566295132,51.381873438168135,5.296520385050662,21581.0,0.811497,495.3643,3000.0,156.2847,1.5956362001964752,EJU13CB_1081,85223.58344057268,0.0
59424.24776001825,478.3493,-290.3875596728433,-9158.009537340024,6925.150482046551,51.334279288277976,5.330028015735971,22720.0,0.812562,493.7285,3000.0,156.3154,1.5749393276525732,EJU13CB_1081,83595.48946221365,0.0
59388.51121774092,501.1278,2024.1307693674682,-14434.49403749655,7272.295397797538,51.286823146283574,5.3633129015942185,23859.0,0.813652,492.0917,3000.0,156.3464,1.5545313811634838,EJU13CB_1081,82063.32257192023,0.0
59353.21362117749,523.9064,4328.057529827364,-19694.55154893398,7619.44031354804,51.239505380918196,5.396377787646245,24998.0,0.814783,490.4625,3000.0,156.416,1.5345367862232686,EJU13CB_1081,80627.81167789,0.0
59318.340506948894,546.6849,6617.908925427185,-24939.79914103026,7966.585229297989,51.19231166566868,5.429172983339602,26137.0,0.815879,488.7946,3000.0,156.4563,1.5150274216929167,EJU13CB_1081,79283.81596234081,0.0
59283.87606410523,569.4634,8896.208762392098,-30168.632233640506,8313.730145047326,51.14525659451308,5.461735852574731,27276.0,0.81685,487.0348,3000.0,156.4995,1.496080986103673,EJU13CB_1081,78026.28168769245,0.0
59249.80347458947,592.242,11162.300487120203,-35380.15702106953,8660.875060795968,51.09834838977747,5.494058075202041,28415.0,0.816173,484.2801,2888.0,156.5481,1.4575542622491853,EJU13CB_1081,75447.00516327354,0.0
59216.57750796729,615.0205,13411.596195440381,-40565.07027654625,8995.033763319952,51.05167100234466,5.526075453630858,29511.0,0.813829,480.6223,2660.0,156.5483,1.396398722224221,EJU13CB_1081,71532.41693124457,0.0
59184.723353831236,637.7991,15644.792110297172,-45712.92034256518,9302.83428259701,51.00531863530907,5.5577998415028915,30521.0,0.811593,477.2094,2432.0,156.6373,1.333638194130838,EJU13CB_1081,67775.71766732825,0.0
59154.27689183749,660.5776,17855.065297691093,-50829.68731833941,9584.276618623055,50.95923793916855,5.589135119924984,31444.0,0.809362,473.9818,2204.0,156.6226,1.269584974655153,EJU13CB_1081,64150.36573928266,0.0
59125.26923153689,683.3561,20052.539142203965,-55913.25141386879,9839.360771396812,50.91344791538557,5.6202275550485865,32281.0,0.807112,470.9261,1977.0,156.6718,1.2047246212967102,EJU13CB_1081,60647.932183093304,0.0
59097.726304095704,706.1347,22232.32191783953,-60967.80982633317,10068.08674091773,50.86791118180424,5.6510085290555825,33032.0,0.804788,468.0107,1749.0,156.6646,1.1388182923249248,EJU13CB_1081,57225.41396147039,0.0
59071.67036067215,728.9132,24400.03129936519,-65992.61500557605,10270.454527185566,50.82263444926824,5.681559522053752,33696.0,0.80238,465.2304,1521.0,156.7367,1.0722894428635037,EJU13CB_1081,53880.763169021586,0.0
59047.11968160128,751.6917,26549.32112992839,-70992.01545765607,10446.46413020028,50.777579066276566,5.711791185685436,34273.0,0.799769,462.5165,1293.0,156.7115,1.005260563621758,EJU13CB_1081,50596.58973128803,0.0
59024.09105259261,774.4703,28688.98321461557,-75962.99964179927,10596.115549961974,50.7327719071638,5.741830066806487,34764.0,0.797041,459.9201,1065.0,156.7428,0.9378968340846878,EJU13CB_1081,47365.78793006117,0.0
59002.59575439241,797.2488,30814.668945636935,-80908.96198686435,10719.408786470938,50.68818280935814,5.771615225082435,35169.0,0.794039,457.3499,838.0,156.7791,0.8705409803457684,EJU13CB_1081,44185.65598717332,0.0
58982.64416492772,820.0274,32926.17412098575,-85830.51629005672,10816.343839727706,50.64380644152161,5.801144889453916,35487.0,0.790842,454.8511,610.0,156.7835,0.80282974817335,EJU13CB_1081,41027.77028451161,0.0
58964.24087242819,842.8059,35026.68023599129,-90727.48040936059,10886.920709733275,50.59964442566965,5.830465316908317,35718.0,0.787277,452.3235,382.0,156.7888,0.7350767614208191,EJU13CB_1081,37891.979679187534,0.0
58947.38955670093,865.5844,37116.003729996075,-95599.60252803845,10931.139396489749,50.55569917933728,5.85957496353262,35863.0,0.783266,449.7213,154.0,156.8047,0.6673602517805997,EJU13CB_1081,34770.46060189065,0.0
58932.09116927441,888.363,39192.73694213235,-100446.08080863382,10948.999900003626,50.51197815031959,5.8884550381749134,35922.0,0.779255,447.2987,-73.0,156.8206,0.6003971966982056,EJU13CB_1081,31689.73632072776,0.0
75494.73083911948,0.0,-37416.24076207108,100999.32395668438,30.48000030265721,52.32129868357611,4.7799522900813125,100.0,0.3,198.3755,435.0,183.0038,1.1501819513653788,EJU78CP_1097,57320.471221343774,0.06750972897330199
75468.99076390285,22.37,-37535.80827525617,98720.703097391,79.89291623743516,52.30079913798045,4.778447755722559,262.0,0.415024,274.282,659.0,183.0038,1.1789974370018252,EJU78CP_1097,58798.66224560665,0.061294166917171655
75442.64676901844,44.74,-37701.095574636776,95570.79156948382,154.72700257349695,52.2724610222795,4.776370127236248,508.0,0.528651,349.081,882.0,175.3994,1.3929937504521002,EJU78CP_1097,70737.10552148172,0.05023854367903851
75411.5578737701,67.11,-37379.153474017876,91569.99300300486,254.98225931106947,52.23650408505598,4.781545154497356,837.0,0.631594,416.5831,1106.0,170.8853,1.6189045327745324,EJU78CP_1097,86915.28538568325,0.0370794628818588
75375.44749783612,89.48,-36620.52030300063,86841.44591390903,380.65868645020026,52.19403139849822,4.7931978215140045,1249.0,0.719996,474.2132,1330.0,168.8032,1.7696490122911104,EJU78CP_1097,103787.11000092173,0.02344447961279215
75335.95809772924,111.85,-35562.13935366462,81494.6802103037,531.7562839908744,52.14601726803951,4.809286181315582,1745.0,0.793046,521.4279,1553.0,165.7065,1.8429336569463322,EJU78CP_1097,119277.97739104673,0.023202282009986565
75294.7981241218,134.22,-34082.777268762715,75688.16815285382,708.2750519330394,52.09389246934327,4.8315485057028065,2324.0,0.82,538.0624,1777.0,161.7281,1.8601817284803752,EJU78CP_1097,126202.99013266014,0.023599065435078115
75253.22103363907,156.59,-32144.675173338244,69818.23417269478,910.2149902766082,52.04121983664987,4.860471719880634,2986.0,0.82,536.8155,2001.0,158.8916,1.8619042092452562,EJU78CP_1097,127023.79376316967,0.022786243662115277
75211.60892188444,178.96,-29924.290473892277,64066.47803868925,1137.576099021458,51.98961814883725,4.8934386445062685,3732.0,0.82,535.4082,2224.0,158.3351,1.8631015581327777,EJU78CP_1097,127622.97878497343,0.020281144207783982
75169.97240866294,201.3299,-27654.836980391196,58353.40497776407,1390.358378167408,51.9383575847424,4.927042268400446,4562.0,0.82,533.8392,2448.0,159.6622,1.8639218842159386,EJU78CP_1097,128050.55214949665,0.01752240687214402
75128.32011452735,223.6999,-25525.2926512139,52608.158534036935,1668.5618277141589,51.88679174787375,4.95853301358278,5474.0,0.82,532.1071,2672.0,161.8964,1.8644230914814552,EJU78CP_1097,128322.51040324141,0.015165337058404768
75086.65898533881,246.0699,-23628.215222951687,46805.27256768742,1972.1864476611074,51.83468937575798,4.986572250991472,6470.0,0.82,530.2102,2896.0,163.6143,1.8646596260595263,EJU78CP_1097,128460.16827346789,0.013333825528691548
75044.99449231579,268.4399,-21912.759831542677,40971.27248787782,2301.232238006418,51.78229344356517,5.011908399982332,7550.0,0.82,528.1469,3000.0,163.5355,1.861425423864402,EJU78CP_1097,126849.15730439415,0.013542104869014358
75003.40562874495,290.8099,-20196.343776867117,35163.52586061239,2642.150953422506,51.730128198566455,5.037198104844365,8668.0,0.82,526.0005,3000.0,163.2505,1.8544792543295872,EJU78CP_1097,123841.88443261501,0.013791033667879931
74961.97726062729,313.1799,-18458.205486115294,29388.126887744704,2983.069668838417,51.67824914492469,5.062742746297691,9787.0,0.82,523.8453,3000.0,163.1112,1.8465576916121964,EJU78CP_1097,120961.86061463188,0.014214601648163988
74920.73007896345,335.5499,-16713.262261976615,23640.789743040026,3323.9883842541126,51.626617115148875,5.088326083047966,10905.0,0.82,521.6813,3000.0,162.8395,1.8376914233441024,EJU78CP_1097,118211.05826076589,0.01449477259966782
74879.68405622574,357.9199,-14948.454637230681,17925.67659470176,3664.907099669624,51.57526984668793,5.114137245908658,12024.0,0.82,519.5082,3000.0,161.9526,1.8279080712698763,EJU78CP_1097,115583.43349574093,0.01326638203215948
74838.8579576069,380.2899,-13103.171895212847,12262.431143765107,4005.82581508506,51.524385246011384,5.14105134317078,13142.0,0.82,517.326,3000.0,161.0836,1.8172846128017783,EJU78CP_1097,113080.84072510361,0.011792104194801837
74798.26889808549,402.6599,-11180.388428074793,6651.666988619563,4346.74453050042,51.473967997990776,5.169022590262097,14261.0,0.82,515.1345,3000.0,160.1403,1.8058851088637609,EJU78CP_1097,110697.90101644176,0.010696030944828846
74757.93195644765,425.0299,-9174.090737894137,1097.12888702155,4687.663245915654,51.42405110342347,5.198135043324184,15379.0,0.82,512.9337,3000.0,158.3435,1.793822998832983,EJU78CP_1097,108436.38352132517,0.010066828664550402
74717.8598525666,447.3999,-7003.996257452658,-4368.140293485841,5028.581961330722,51.37493186542902,5.229541988434212,16498.0,0.82,510.7234,3000.0,156.5799,1.7811880699195568,EJU78CP_1097,106291.57212929116,0.009649488858867227
74678.06268999673,469.7699,-4676.880491842906,-9740.603681729417,5369.500676745591,51.32664020410058,5.26314018435155,17616.0,0.82,508.5035,3000.0,155.2501,1.7681177621160082,EJU78CP_1097,104265.17606950467,0.009335874981544525
74638.54776246237,492.1399,-2236.456640366937,-15034.327842990417,5710.4193921602655,51.279047538954316,5.298296155648078,18735.0,0.82,506.2739,3000.0,154.4402,1.7547163260417218,EJU78CP_1097,102353.19737932007,0.00885680422474061
74599.31942016966,514.5099,267.4419624050705,-20269.78668966629,6051.338107574676,51.23196831644012,5.334289418854869,19853.0,0.82,504.0343,3000.0,154.2998,1.741133020899566,EJU78CP_1097,100557.32467590393,0.007384524742671333
74560.37899001235,536.8799,2772.9386331027013,-25475.781072326907,6392.256822987508,51.18514292923078,5.370233338681,20972.0,0.82,501.7848,3000.0,154.2996,1.727476742241765,EJU78CP_1097,98874.34425486345,0.0
74521.72474259835,559.2499,5267.188071993098,-30658.34456943695,6733.175538399597,51.13851735893791,5.4059433690560565,22090.0,0.82,499.5252,3000.0,154.307,1.7138985739539931,EJU78CP_1097,97306.03824607513,0.0
74483.3518984845,581.6198,7749.444945327288,-35817.70490985203,7074.094253811155,51.09208975410699,5.4414100609946745,23209.0,0.82,497.2553,3000.0,154.3112,1.7005043217339446,EJU78CP_1097,95849.96889701896,0.0
74445.25266594804,603.9898,10219.95046399834,-40953.61325113574,7415.01296922213,51.0458625429868,5.476638115415106,24327.0,0.82,494.975,3000.0,154.315,1.6874393174083742,EJU78CP_1097,94508.09549656007,0.0
74407.41630293563,626.3598,12678.699821289534,-46065.93731811067,7755.931684632472,50.99983710503863,5.5116286941332735,25446.0,0.82,492.6842,3000.0,154.3179,1.6748017146185734,EJU78CP_1097,93278.92115520555,0.0
74369.82919641318,648.7298,15125.711884622555,-51154.53157887912,8096.85040004215,50.95401493653347,5.546383289109611,26564.0,0.82,490.3826,2799.0,154.3201,1.631414059524317,EJU78CP_1097,89231.51711200413,0.0
74333.15469062142,671.0998,17561.97296861497,-56221.25064210016,8414.926616814928,50.90837951427197,5.580917083586159,27608.0,0.82,488.2255,2575.0,154.3225,1.5803599410506775,EJU78CP_1097,84998.34488459706,0.0
74297.55257329025,693.4698,19988.25505321417,-61267.75528281611,8707.581663198145,50.86291604740349,5.615242101811262,28568.0,0.82,486.2323,2352.0,154.3248,1.5255616399824907,EJU78CP_1097,80917.74210254957,0.0
74263.10452084886,715.8398,22405.340110350637,-66295.66417130646,8974.8155391864,50.81761010892194,5.64937041603522,29445.0,0.819996,484.403,2128.0,154.3321,1.466968640825093,EJU78CP_1097,76941.12799925005,0.0
74229.88628541208,738.2098,24813.5757030548,-71306.80021039011,9216.628244778067,50.772445439561466,5.6833078125726155,30238.0,0.81686,480.8972,1904.0,154.3437,1.4045018601607278,EJU78CP_1097,72819.80072943287,0.0
74198.0543824702,760.5798,27204.211017124977,-76283.87474816623,9433.019779972508,50.72757807491103,5.716932170181839,30948.0,0.813298,477.3224,1680.0,154.3595,1.3389447042639073,EJU78CP_1097,68764.69107743131,0.0
74167.69295383459,782.9498,29576.50485879471,-81226.25517445711,9623.990144769596,50.683013990233135,5.750234608399681,31575.0,0.810415,474.3272,1457.0,154.3538,1.2710707504033536,EJU78CP_1097,64850.74759144419,0.0
74138.85126800605,805.3198,31935.156264758203,-86138.96574909841,9789.53933916963,50.638707995939015,5.783282930815516,32118.0,0.807456,471.4671,1233.0,154.368,1.2004838292499653,EJU78CP_1097,60978.55300040537,0.0
74111.59220380346,827.6898,34279.085690015614,-91024.1287792504,9929.667363173437,50.59464126500914,5.8160629561239965,32578.0,0.804241,468.6363,1009.0,154.3547,1.1276518582416815,EJU78CP_1097,57140.38005871005,0.0
74085.97702060825,850.0598,36610.741744528474,-95880.82082548067,10044.374216783031,50.550822152387674,5.848610729974035,32954.0,0.801287,466.1357,786.0,154.351,1.0533145685305971,EJU78CP_1097,53372.75547875171,0.0
74062.04679188489,872.4298,38930.90311876036,-100712.75278860779,10133.659900004866,50.50721740813199,5.88093807682623,33247.0,0.798332,463.8119,562.0,154.3472,0.977076497456973,EJU78CP_1097,49620.631739455224,0.0
65944.45744955799,0.0,27986.143788519836,90591.75871016904,30.480000303987367,52.328601836264696,4.708839891861405,100.0,0.3,198.3755,2014.0,3.1751,1.7368490178290479,VLG49VA_328,99202.52731852213,0.056588304279790114
65903.27071354125,23.6968,28119.238747290812,92991.00651449976,272.95754382502867,52.35017159510189,4.710999579389592,896.0,0.395513,260.8167,2251.0,3.1751,1.6633430119589323,VLG49VA_328,91015.77095937743,0.05346145236903993
65863.88376040485,47.3936,28294.439758458295,96149.28272001249,543.961205961579,52.37856512212548,4.713845772056617,1785.0,0.498159,327.4935,2488.0,327.63,1.6836008457439418,VLG49VA_328,93063.48439911995,0.048030397657734356
65824.0895423457,71.0904,26166.646401650247,99506.0266896547,843.4909867139212,52.40885783842925,4.682762780517516,2767.0,0.596818,391.0085,2725.0,292.0848,1.7505237870694978,VLG49VA_328,101018.08098261076,0.03874667106930462
65782.75139347128,94.7871,21768.510263299406,101290.56246590779,1171.5468860819549,52.42509810050678,4.618043115462971,3844.0,0.684948,447.052,2962.0,256.5396,1.8110933564851917,VLG49VA_328,111157.31622914042,0.029491947353702273
65739.97595728062,118.4839,16490.645112548336,100027.31393772509,1528.1289040650265,52.413921231679275,4.540147135294179,5014.0,0.75995,493.9509,3000.0,232.895,1.84033349440021,VLG49VA_328,118462.40787280671,0.019852071835233655
65696.49066709548,142.1807,11707.01564038548,96408.82208680436,1889.2679233491492,52.38150215170373,4.469493007787763,6198.0,0.82,530.7289,3000.0,227.8197,1.8561167416532176,VLG49VA_328,124376.72172875848,0.013123276345266357
65652.58947213972,165.8775,6930.240697410516,92080.49886166435,2250.406942633379,52.34265755594407,4.399028495357246,7383.0,0.82,528.4661,3000.0,224.9124,1.8469316656263128,VLG49VA_328,120949.93567313805,0.008855679878599998
65608.91716858646,189.5743,2398.6962279594873,87535.07519067539,2611.5459619175895,52.30181796204862,4.332292368391802,8568.0,0.82,526.1935,3000.0,221.3744,1.836314982525577,VLG49VA_328,117667.92822055425,0.00910269088793317
65565.50675978282,213.2711,-1825.3338895365168,82739.54059324237,2972.684981201752,52.2586928830231,4.270198465229544,9753.0,0.82,523.9111,3000.0,217.3957,1.8242824945156868,VLG49VA_328,114527.7495644535,0.009354069321252339
65522.39041975621,236.9679,-5689.4822402763575,77684.66661204715,3333.8240004858685,52.21320704318857,4.213511485548008,10938.0,0.82,521.6187,3000.0,213.4332,1.8108858293020076,VLG49VA_328,111526.52467610736,0.008454892022331762
65479.59867644242,260.6646,-9179.621350093428,72398.25635331229,3694.963019769922,52.165618363719844,4.162430137317921,12123.0,0.82,519.3162,3000.0,207.9955,1.7962094241684223,VLG49VA_328,108661.53758460627,0.01120294526757142
65437.15968252651,284.3614,-12139.871644267629,66829.77957163438,4056.1020390538683,52.11548300702766,4.119228277916201,13307.0,0.82,517.0034,3000.0,201.8808,1.7803777694747231,VLG49VA_328,105931.98944751584,0.012534853257665186
65395.09859479344,308.0582,-14479.58311810015,61003.92540331569,4417.241058337717,52.06303391094337,4.085211638976026,14492.0,0.82,514.6802,3000.0,196.3966,1.763504292920453,VLG49VA_328,103331.75191503864,0.011275086479025153
65353.43707257651,331.755,-16243.775638070414,55008.40520227879,4778.380077621505,52.009066407269074,4.059691246658773,15677.0,0.82,512.3465,3000.0,192.0192,1.7457542834732265,VLG49VA_328,100860.43515631746,0.009214828846034622
65312.19289710431,355.4518,-17539.261273865362,48923.656570416584,5139.519096905222,51.95430597386855,4.041076258117422,16862.0,0.82,510.0021,3000.0,188.5058,1.727294987604864,VLG49VA_328,98515.89416647216,0.008202657214801531
65271.37970662698,379.1486,-18455.177184609365,42799.33144286844,5500.65811618885,51.899199421941354,4.028040611953349,18047.0,0.82,507.6469,3000.0,185.9806,1.7083019266109363,VLG49VA_328,96296.1723642746,0.007404805059335773
65231.00683720428,402.8454,-19097.37290155289,36669.2697607769,5861.797135472375,51.84404929292475,4.0190214336766985,19232.0,0.82,505.2807,3000.0,184.7901,1.6889543812102128,VLG49VA_328,94199.47437906332,0.006941266512027868
65191.07925581417,426.5421,-19609.647597908657,30556.049855981382,6222.936154755725,51.78905451817956,4.011912062276148,20416.0,0.82,502.9033,3000.0,184.3585,1.669446159437594,VLG49VA_328,92225.47072032487,0.0023730559373635923
65151.59757072978,450.2389,-20073.650239806793,24468.16056729641,6584.075174038777,51.734288855249616,4.005519311512683,21601.0,0.82,500.5147,3000.0,184.3859,1.6499252540970823,VLG49VA_328,90370.16913833888,0.0
65112.55810360513,473.9357,-20538.322459592102,18409.647076938552,6945.214193321643,51.67978700423332,3.9991304027209837,22786.0,0.82,498.1146,3000.0,184.4254,1.6305770034120475,VLG49VA_328,88633.74146682984,0.0
65073.95300810184,497.6325,-21004.908362478185,12380.748737056512,7306.353212604294,51.625551068921965,3.9927271711099857,23971.0,0.82,495.7029,3000.0,184.4472,1.6115655426830218,VLG49VA_328,87015.27688650729,0.0
65035.77042088724,521.3293,-21471.49876120932,6381.463556068522,7667.492231886707,51.571581100485204,3.986337180960633,25156.0,0.82,493.2795,3000.0,184.4612,1.5930465633097353,VLG49VA_328,85514.13016410393,0.0
64997.99463221897,545.0261,-21937.249897192396,411.8725380106718,8028.631251168856,51.51787786411515,3.9799724632931213,26341.0,0.82,490.844,2894.0,184.4675,1.5578555861657986,VLG49VA_328,82779.23091074717,0.0
64961.01037499263,568.7229,-22401.430398980145,-5529.225380964278,8376.953243590178,51.464430596431995,3.9736434456917844,27483.0,0.819008,487.8925,2657.0,184.4685,1.4982105095529925,VLG49VA_328,78442.02732910668,0.0
64925.39469257952,592.4196,-22863.11789757323,-11437.106085142163,8696.749117398609,51.41128182918193,3.967362874015238,28533.0,0.81596,483.9102,2420.0,184.4684,1.4347188775387667,VLG49VA_328,74133.7618315722,0.0
64891.269414348644,616.1164,-23321.219993254093,-17299.159797791668,8988.018872592467,51.35854501702372,3.9611453382746675,29488.0,0.81299,480.1744,2183.0,184.4643,1.368657972336297,VLG49VA_328,69992.20455929864,0.0
64858.69675334491,639.8132,-23775.546714766337,-23118.3067311333,9250.762509171222,51.306193914424064,3.9549933670425643,30350.0,0.810143,476.7107,1946.0,184.4587,1.3004253074016452,VLG49VA_328,65993.09872122527,0.0
64827.728832852976,663.51,-24226.208360910503,-28897.7527063638,9484.980027134652,51.25419969425903,3.9489052029414657,31119.0,0.807419,473.5193,1709.0,184.4539,1.230382941674996,VLG49VA_328,62114.27264320325,0.0
64798.4097805335,687.2068,-24673.53499178156,-34640.681599999756,9690.67142648266,51.20253371690632,3.942875961548545,31794.0,0.804479,470.4006,1472.0,184.4478,1.1587352809453395,VLG49VA_328,58319.740718009445,0.0
64770.78448220902,710.9036,-25117.467679659712,-40347.86326339447,9867.836707215212,51.15118906874409,3.936906206502615,32375.0,0.801493,467.4548,1235.0,184.4438,1.0858273564085463,VLG49VA_328,54603.862753056135,0.0
64744.88701631125,734.6004,-25558.371053310915,-46021.25517138044,10016.475869332364,51.100148137078875,3.9309905250932933,32862.0,0.798463,464.6821,998.0,184.439,1.0119232216676322,VLG49VA_328,50953.690260403666,0.0
64720.74484705588,758.2971,-25996.33158403531,-51662.83406932287,10136.588912834213,51.049393147695085,3.9251275208725445,33257.0,0.79501,461.8622,761.0,184.4373,0.9370659264772598,VLG49VA_328,47340.12836896073,0.0
64698.38757945874,781.9939,-26431.59277168615,-57271.86531899927,10228.175837720972,50.998930702614246,3.919313371920228,33557.0,0.791516,459.2162,524.0,184.4349,0.8617028640442832,VLG49VA_328,43774.32000508816,0.0
64677.829039890006,805.6907,-26864.251622762815,-62850.32580178341,10291.23664399303,50.948743025179176,3.913546565009561,33764.0,0.787607,456.5251,287.0,184.4348,0.785845842770482,VLG49VA_328,40231.72646921719,0.0
64659.08447104125,829.3875,-27294.472487234787,-68397.50344171486,10325.771331651225,50.89883651724132,3.9078244411330836,33877.0,0.783157,453.7158,50.0,184.4346,0.7096393681968798,VLG49VA_328,36702.55034423142,0.0
64642.1641926789,853.0843,-27722.125699809632,-73911.807188177,10331.779900698102,50.849225499058335,3.902148472339833,33897.0,0.782145,453.0893,-0.0,184.4375,0.6933251383630472,VLG49VA_328,35949.77100110642,0.0
64625.63367645103,876.7811,-28149.48684204826,-79418.72094352431,10331.779900466228,50.79968068663161,3.8964879916909987,33897.0,0.782116,453.0724,-0.0,184.4391,0.6931724023071624,VLG49VA_328,35942.22601167649,0.0
64609.10709833095,900.4779,-28576.986179726304,-84925.41845298103,10331.77990023415,50.75013754617194,3.890837364610229,33897.0,0.782031,453.0234,-0.0,184.4387,0.6929814043293547,VLG49VA_328,35932.234268727836,0.0
64592.58574177839,924.1746,-29004.399878547683,-90431.52327725435,10331.779900001873,50.700599474996714,3.885199698957258,33897.0,0.781947,452.9744,-0.0,184.4383,0.6927904543443251,VLG49VA_328,35922.25184983714,0.0
